lat,lng,crime_weight,lighting_score,police_prox,crowd_density
13.080737765005022,77.50099376685937,7,5,4,5
13.002428256645084,77.49287204458442,4,4,3,7
12.879485482800671,77.62930786177894,6,6,4,4
13.089931151304931,77.47615348711132,7,4,4,6
12.906675983698765,77.70058493898387,5,4,3,6
12.998318800202934,77.68219034890673,6,7,6,7
13.082997053929322,77.71139574318819,7,7,3,4
13.071437489212364,77.56155054142567,3,4,6,3
12.904000236695683,77.50165315429449,7,5,6,4
12.894981104576686,77.57103781793005,3,6,4,6
12.933434925676938,77.49974572133014,6,7,3,6
12.867062273644077,77.59834954716726,4,7,3,4
13.009101965694253,77.6319390802017,3,5,7,6
12.991926184956704,77.54780234951966,6,5,5,4
12.890134589058915,77.58511549594489,6,7,6,3
13.06234539438745,77.48502785216394,4,4,4,5
13.045786234684016,77.6795988382081,3,4,4,7
12.969040692904887,77.50845832729128,3,4,4,3
13.027875970347893,77.61491440876591,6,4,6,6
13.00341059262098,77.60710631005581,9,3,1,3
12.92511173117203,77.47833807058805,5,5,7,4
12.999200426992168,77.57620546310928,4,5,3,5
13.070670259882789,77.48614911616828,7,7,7,4
12.906770628605324,77.48792800742825,5,4,3,3
13.074862981546858,77.6951727642101,4,4,6,5
12.995406781875356,77.71090002778905,5,5,3,5
12.890406600103816,77.54174816312472,7,6,5,7
12.937828646422037,77.59329454541917,7,5,3,6
12.96306779847255,77.67552038874136,6,5,5,5
12.973031462177643,77.66339093065717,3,9,10,9
12.94193975589649,77.67836999976275,7,7,5,6
12.870364692575349,77.62285909805775,6,4,6,7
12.999931009626662,77.66286046477313,4,4,7,6
13.049345608488494,77.67811850033517,6,5,5,7
12.894942971512966,77.57517264117728,5,4,7,5
13.028056287181487,77.58068279366253,4,6,5,4
12.976475709099395,77.69882370125468,3,4,3,6
12.922756469953471,77.51965858918811,3,7,4,6
12.948256617150642,77.71202516845999,5,5,5,4
13.023932947985356,77.64470703554643,3,6,4,6
13.089247407718648,77.66562028175639,6,7,3,3
13.02351283918428,77.50896245413196,10,1,3,2
12.851629131422332,77.66343909397462,9,2,2,4
12.980277019734146,77.700862342114,7,6,5,5
13.023496573916118,77.56594991197179,7,6,3,5
13.023204181655581,77.47740085695797,4,5,3,7
12.971395049384263,77.54319790000541,5,4,5,4
12.964409383699188,77.59860653902945,3,10,9,7
12.872615727593793,77.62751960563419,7,7,5,3
12.877616280410036,77.62637614852125,3,5,4,6
12.913526287861393,77.60562194978367,7,5,3,3
12.98625095166174,77.58953636916013,7,4,1,2
12.930390081307314,77.4946745657072,6,5,6,6
13.081166931061489,77.6934172985734,5,5,4,4
12.966853865647597,77.668972233741,5,5,6,5
13.033896349657713,77.49637026384846,8,1,2,3
12.958821100099742,77.59066950323002,5,7,6,7
12.972677239662277,77.52339995468986,7,5,5,7
13.016104163545787,77.67597486979683,7,4,7,3
12.941589885789295,77.54200717390964,4,4,5,3
12.87915524581194,77.54937074236796,4,4,5,6
12.975388761317996,77.57309995769891,4,7,3,5
13.030403830506529,77.59699717509639,4,6,6,4
13.024357038492852,77.70875713294991,3,7,4,7
13.020957943043847,77.61903163761971,6,7,6,4
12.87066915535216,77.61042697230562,3,6,7,5
13.022906134166954,77.55530210645944,7,6,7,6
13.087295285178968,77.6187814058721,6,5,3,5
13.025063743248843,77.52889760923743,10,2,2,2
13.00453788021679,77.69266579813173,3,5,5,5
13.045474442505947,77.51031175545631,7,3,2,1
12.946824493924629,77.71051412970638,3,7,6,5
13.058997407628617,77.58768894515522,6,4,5,4
12.8811149121015,77.69572916812464,4,7,7,6
13.090681707645746,77.60421539138045,6,4,5,4
13.004750001295529,77.52666200864645,7,3,3,1
12.96754886431929,77.67920535220958,3,6,4,4
12.941450558346585,77.70157987797626,4,7,7,4
13.057629142663146,77.58509897609571,4,7,6,5
13.044617399343426,77.69651116266289,6,6,3,4
12.927874522029317,77.54180501351365,4,4,7,4
13.08837348013466,77.69467992375222,5,6,5,7
12.853191048638072,77.615776997193,7,4,4,3
13.059779888036484,77.66923245982112,4,6,7,5
13.084767067810924,77.63282517008352,4,6,3,3
12.861398532100278,77.5190534048431,5,7,4,6
12.869099628876189,77.63328951446607,7,5,3,5
12.94096533044232,77.59513173618609,7,4,4,5
12.855701731983855,77.47618218489902,3,6,4,5
12.882068071465204,77.62526590194926,6,7,3,4
12.947711536741776,77.62970594484041,3,9,10,10
12.856447191037995,77.69718203337054,5,7,7,4
12.890654682414173,77.50804816224988,5,7,7,7
13.005511263801628,77.69725173761213,4,7,5,7
13.082120673973625,77.59915729220519,3,4,3,6
12.921200057129392,77.70686165917168,4,4,7,6
12.986933847249981,77.54367368506945,7,7,5,5
12.920695838639702,77.69984754085489,5,5,4,5
12.899759510026167,77.60994191876112,3,5,6,7
12.89604868429449,77.5359589956705,6,4,4,7
12.926523812640317,77.65948278580458,5,6,5,4
12.943879364949755,77.52441271343648,3,5,5,6
13.028872987458596,77.53741535060053,9,1,1,2
12.939432077484813,77.54884651347803,5,5,4,7
12.869778998261115,77.58501300389324,3,6,3,6
12.967305664178417,77.5539095803578,5,7,3,3
13.007889389080999,77.6708080750172,5,5,3,7
12.894440276886085,77.63750188724582,5,5,7,4
12.884122537677117,77.54057347402083,4,6,4,4
12.938139450433104,77.7001962535079,7,7,6,7
13.00847132865215,77.59912320200745,8,2,2,2
12.897088922728539,77.56874749421259,4,7,5,6
12.936209369035772,77.50548274572017,6,7,3,4
12.864517231279711,77.67660491479371,4,7,3,7
12.926174208243577,77.68615851429506,4,6,5,4
12.877489456857116,77.64282268080852,7,6,3,4
12.927643759514593,77.6562409126244,5,6,7,7
12.96525558646947,77.50507345764348,6,5,4,4
13.086887603809089,77.53396417055984,5,7,7,6
12.855970464941535,77.47588914487422,6,6,6,4
13.033119839239264,77.54695879254119,3,6,7,3
12.922379758535321,77.52258101505434,3,4,3,6
13.068995174518019,77.57259152860738,3,7,6,5
12.994183826188749,77.55103210563435,5,6,5,5
13.060159067455965,77.63407698070293,3,6,5,4
12.903689899297307,77.69650183586734,3,6,6,7
13.027586363329895,77.60871660780913,4,5,5,3
13.011423482511946,77.52910294092445,10,2,1,2
12.981943429147327,77.59610158221305,3,9,10,9
12.93040657728127,77.50973122533006,3,4,5,7
12.855803682671192,77.59210702786568,4,4,6,6
12.870011648834307,77.53006355766087,5,7,7,7
13.018955423781447,77.57962179730752,5,4,3,6
13.02622825026315,77.67938368915398,3,7,7,3
12.918125915495208,77.66677365685545,5,6,5,7
13.057552843952669,77.51005543351881,4,4,5,5
12.85846895921782,77.4786692576845,7,6,7,3
13.034067562890783,77.5912948819626,3,5,3,5
12.98061701557424,77.53353358894475,3,6,7,4
12.854127644734485,77.65379788460167,7,2,2,2
13.072300450734794,77.62080740725492,7,5,4,6
12.962518932780236,77.49833320343834,7,7,7,6
12.887754113709473,77.49447091734784,7,4,3,3
13.042371582422893,77.54840022127757,6,5,6,4
12.953492828340712,77.51416292730912,7,4,7,3
12.854166889990719,77.6322297802326,7,4,6,7
12.898318573042616,77.71303688390441,6,4,4,7
12.961211202398642,77.59147046637734,1,8,10,7
13.031096400751496,77.67364664279324,4,4,5,7
12.87005768219941,77.6774731884913,4,7,4,7
12.955428649507411,77.5046022992938,4,6,5,5
12.966610054143874,77.6295855079774,2,8,10,10
12.866656438408778,77.6778484887557,7,5,7,3
12.880735597253805,77.55218837696026,5,4,3,5
12.960763834499827,77.55616636185007,3,7,7,7
13.08467902705944,77.67011323670147,5,5,7,5
13.05087764694037,77.47619315800306,5,7,7,3
13.048230822223555,77.66343325909871,6,7,4,3
12.966199073324171,77.52990007522331,3,5,4,3
13.018546612407194,77.67749489569617,7,5,6,3
12.864877802641692,77.65272207374618,7,3,2,2
12.925203942682987,77.60441052183938,3,8,9,9
13.019202506580783,77.64879252405976,6,4,7,5
13.078551193041958,77.6966517024213,5,6,4,3
13.01154962838302,77.51666621462833,9,1,1,3
13.01290525547163,77.58783219705968,4,7,3,4
12.96636947130935,77.6793706570762,4,4,5,3
12.863410188343295,77.64830407120141,9,4,3,3
12.995447741559362,77.5740021785254,6,6,6,6
12.878173558697343,77.71250643288955,7,7,3,6
13.050327997013252,77.58932703870997,4,5,3,7
13.04326499786452,77.69794106356261,5,7,6,5
12.911052520009854,77.61542844098787,3,8,9,7
12.900679449285505,77.71418905622176,7,4,6,6
13.048627877039896,77.70137203076807,6,4,7,4
13.0714233958444,77.55760073094,4,5,7,7
12.92909981860082,77.58550193990447,4,7,6,7
12.984615061873452,77.52507203852083,7,6,7,5
13.033123934961136,77.4762162060162,6,6,6,4
13.070284715362458,77.70744373539718,5,6,3,6
12.865666537019933,77.53332341245243,3,6,6,7
12.97085316645656,77.64455525517552,1,8,8,10
12.975478882016581,77.64502643672222,2,10,7,10
12.968848680202516,77.53262927275769,7,5,4,4
13.076815795061874,77.57811145428425,7,6,4,3
12.859845592063692,77.49819556577395,6,7,7,4
12.947189361923781,77.49305851630227,6,4,6,4
13.0868421320638,77.50346494706213,3,4,3,6
12.920832728071366,77.602454380795,5,5,3,6
12.933888829086136,77.48302529782153,5,6,7,6
12.962686964092951,77.63671013436782,2,9,8,8
12.864416655899335,77.65198399122616,7,1,1,4
13.041434610187968,77.49053548678246,7,5,6,6
12.861415579175372,77.57635805270141,6,5,4,7
12.964831326033993,77.6807332990034,6,5,7,7
12.892577530794096,77.56563335233955,7,6,4,3
12.913806374589045,77.58665146042026,4,6,7,6
13.010909314308092,77.65407188153958,5,4,4,5
12.905113016186034,77.53135910664112,4,7,7,3
12.86641743395654,77.4896988359012,4,6,3,5
13.035345907474984,77.55404130018567,3,6,6,3
13.087186472201891,77.64042055828057,6,7,4,7
12.99059051146396,77.59311302115512,9,3,3,4
12.866102484038212,77.50258032220904,7,6,4,6
12.95063731181488,77.56926420765329,7,4,5,7
12.975237848553322,77.48533385999227,7,5,3,3
13.044912718809153,77.65597872198272,6,5,6,5
12.890008851553715,77.58308149613602,4,6,7,3
13.068585538698091,77.7100023820629,7,4,7,3
13.004743064073802,77.57326613880296,7,7,4,6
13.084006760881167,77.48244928258076,4,6,6,3
13.087352057929044,77.4822689455427,7,6,4,7
13.055546556252215,77.58713458489936,6,4,3,3
12.952402822468736,77.64603911510399,2,8,9,9
13.021406725928886,77.6468017451794,7,6,6,5
12.892909115201505,77.48021191669974,5,6,5,6
12.904848466998049,77.59005570156633,5,7,4,3
13.008997311771399,77.54656754658201,5,7,7,3
13.021431991873166,77.66676849372354,5,5,7,6
12.973832706279627,77.6496015509876,1,9,8,10
12.86527169573012,77.70428808818312,7,6,7,4
13.088024687296272,77.56900328103384,3,6,5,4
12.973425359926614,77.63768750340392,3,8,7,10
12.855890921538561,77.62889325913554,3,6,4,3
12.865977190486019,77.6088746008702,4,4,7,5
13.019739328679815,77.56378688977418,7,7,4,3
12.944155126891395,77.49848438442436,6,4,5,7
12.998185442220457,77.70813520377293,6,6,7,5
13.023958844105453,77.486596902593,4,4,7,3
13.014060915317817,77.68668650423047,5,5,4,5
12.969678456077553,77.52424791940777,6,4,3,7
12.979970369925256,77.55027757257781,6,7,5,4
12.892293390328746,77.52578110511757,3,5,7,7
12.88776729892846,77.68184426931984,4,4,3,4
12.942694177635605,77.64217424203544,3,8,7,10
12.986608641838009,77.52982506508461,6,5,4,7
12.923408464834006,77.71007495252101,5,6,3,3
13.090702915469116,77.70698116548904,4,5,7,3
12.989584291566446,77.66180055125228,4,4,5,4
12.904255815749758,77.57330389767753,4,6,4,6
12.930912547723555,77.66605540828822,5,4,6,6
12.909987577485271,77.67222872173559,4,6,7,7
13.037691809406747,77.5508925988039,6,5,3,7
12.929908273900672,77.61600204411292,2,10,7,8
12.959870379538355,77.65849682296822,1,8,9,8
13.065782039712731,77.50244619405441,6,4,5,5
13.01915304782401,77.52683782137525,9,2,1,2
12.905482986198283,77.494783524608,6,5,7,6
12.995789898201199,77.54467269540152,7,7,3,3
12.901582229338922,77.60932676486064,4,6,6,6
12.876758884732558,77.6622934914341,6,4,7,6
13.002286760838388,77.65070687971465,5,5,5,3
12.981653639893764,77.70727559499872,6,4,5,7
13.08777302859468,77.49829272128216,5,4,3,5
12.934802562881979,77.50935372571072,7,7,4,5
13.085734529693607,77.56095521347912,5,5,4,4
12.9122478699829,77.63508930608653,2,8,9,8
12.86679029895497,77.66081060966644,7,2,2,4
13.024829565349776,77.69275210009108,6,5,5,5
12.908860389213096,77.569653171903,4,5,6,7
12.860639679165471,77.64162246139236,9,4,3,1
12.999878945032052,77.66211304660547,5,5,3,6
12.881640575969138,77.58362045748716,6,4,5,6
13.021162040491673,77.61018030784446,4,4,7,7
13.050847147047572,77.52707947369453,9,2,3,2
13.002607407263197,77.50130433460096,6,4,3,5
12.877202828786999,77.59686327680541,4,5,7,5
13.0011773195004,77.52688016298804,7,5,4,4
12.880858246763093,77.55592531859047,4,6,3,7
12.933673570895438,77.55729258365325,4,7,5,3
13.066019861738459,77.5351937218949,6,5,5,7
12.936692123908628,77.63851530087418,1,9,8,7
12.946550831685087,77.71163167946183,4,5,7,5
12.88382675222125,77.64262650583223,6,6,4,5
13.00571729793176,77.61323129477498,9,3,3,2
13.063425837122827,77.51143830052735,3,7,7,6
12.86339253389837,77.65398785523311,7,2,1,2
12.869918355736718,77.4868262306885,3,5,7,4
13.065005822508532,77.55776278280922,5,4,3,5
12.859501914133588,77.67895100573026,9,4,1,3
12.88446392868594,77.65086988491929,6,6,6,5
13.030938672517287,77.68146345442848,6,5,7,5
12.93039908698926,77.56553258499218,3,6,6,5
12.970302994358358,77.49574090621837,5,4,4,4
13.016355829163288,77.53955731054322,8,2,2,3
13.015384229550335,77.58243762734809,3,5,3,3
12.991625697757593,77.48493781235435,5,4,4,3
12.856553968680315,77.68714257552269,7,7,3,5
12.869746377498014,77.48232242287403,3,6,3,6
12.945679520479937,77.6595314159757,3,7,3,7
13.017200772871925,77.59221831840871,4,6,7,5
13.046103744896202,77.70137721895743,6,4,3,7
12.883368200968894,77.70567883815987,3,5,7,3
13.009434773641262,77.6528855031279,3,7,6,6
12.861757220945801,77.71318722071733,6,4,4,4
12.96586447556266,77.69206354776165,5,6,5,4
13.039765500150104,77.6388625644251,7,5,5,7
12.933058622750432,77.68558006772689,5,6,4,7
12.88827118501573,77.6851942527833,7,5,7,5
12.867394210080546,77.53978688618463,5,5,6,5
12.852770213645536,77.60356578262828,3,6,7,7
12.866406039752988,77.63034562196495,3,7,4,7
12.973770636469409,77.57553568170741,6,6,5,6
13.020610795107144,77.71079393297053,5,7,7,7
13.080731460306056,77.67701258495647,5,7,7,3
12.881146500740195,77.61821857695217,5,7,5,6
13.074346650596818,77.63647771182269,3,6,7,7
12.903551368019407,77.66087712238237,5,7,4,6
12.91283893840858,77.4807637208668,5,5,5,4
12.973519948663052,77.64632611763824,1,8,10,10
12.901638155964596,77.63036678743151,7,4,7,4
12.939618837290661,77.68924953908537,6,6,7,7
12.920929108083271,77.63152918960401,2,8,7,10
12.880474541003737,77.6006004119533,4,4,6,5
12.941336987876038,77.69915648969963,3,7,7,6
13.020146294048468,77.68052748958122,5,6,3,7
12.933057897628986,77.55658563727383,4,6,3,7
13.084749217629355,77.5271532020749,4,5,4,3
13.034052660696597,77.58401542567455,7,6,5,6
12.980843161549576,77.58513164385467,8,4,3,3
13.08170937043891,77.63326275933473,6,7,3,5
12.855590688019548,77.51789499484987,4,4,3,6
13.031015027675059,77.54285960470915,7,2,1,4
12.964173718658543,77.5099511557247,6,4,4,3
13.053028154015543,77.61133812008838,5,5,5,6
12.90458375092715,77.47745111113719,7,6,7,6
13.055524798898404,77.64330883253318,7,7,4,5
12.983271749311593,77.69039363351848,4,4,5,5
12.908021336242166,77.69427841446232,5,5,6,6
12.870528994978834,77.593377911339,5,5,4,6
12.927903746344333,77.47912743640318,6,6,7,7
12.945615099109984,77.68233006270411,4,4,3,6
12.96169969750666,77.64987150257453,3,10,9,10
12.917744324888112,77.54735006890732,3,7,3,7
12.937353892448833,77.51145463816833,4,6,3,7
12.991349476528725,77.59530896233412,3,10,7,9
13.07369910116528,77.47754539491581,5,5,3,4
12.924139974099878,77.70373367402746,6,4,3,3
12.851762747370328,77.53756393494902,6,5,3,7
12.943101620210964,77.69885652615123,5,6,7,6
12.889490432335585,77.7014589327389,4,7,6,5
12.975375412925606,77.65688343447408,1,10,7,7
12.853012272419276,77.60486152120164,7,6,5,4
13.086172268488623,77.51650269759028,7,7,3,3
12.94832535261818,77.53746035575523,3,6,7,4
12.992247648456551,77.51583764581979,4,4,5,5
12.949804797093885,77.4966556739909,5,5,5,3
12.941027674107058,77.67871798411507,3,6,5,3
12.958853667019802,77.64963906419077,1,9,8,9
12.858280122142178,77.65653326537277,8,4,3,4
12.96573784885406,77.52684073407931,4,6,5,3
12.936693201227847,77.68726915389084,7,4,5,5
12.854075066386356,77.65439429197208,7,2,3,1
12.91208238348821,77.69466603417114,5,7,4,4
12.88654172293401,77.66689078587154,3,4,4,4
12.99381359775804,77.69831590947331,3,6,4,6
13.042735522189991,77.52858923633765,7,1,3,4
12.907469485948333,77.65208999164459,3,7,6,7
13.041495088063469,77.68570393687637,4,7,4,6
13.065261822483633,77.48964904299784,4,7,7,4
12.946035737513244,77.66260263514447,7,4,3,7
12.989702342937598,77.48310894633335,7,7,5,3
13.031405934886212,77.61438345358437,4,4,5,7
12.872035824188751,77.70688117298957,5,5,7,3
12.897131953638617,77.5029308723561,7,5,7,4
13.039561612794053,77.66311101528758,5,5,4,4
12.975699999333651,77.66870879854581,5,4,6,3
12.974073761955228,77.64431651637581,3,9,7,10
13.042099140770587,77.60081240618507,5,4,5,4
12.99333158315564,77.63124353297269,3,10,9,10
12.873364182881751,77.65286886717884,4,6,4,5
12.925003058809288,77.49453789812688,7,5,6,7
12.964336969947771,77.62571237678951,2,9,9,9
12.937418577487053,77.59360733775279,5,4,6,3
13.015210071680551,77.51901083402457,7,1,3,4
13.03750635624905,77.55782297307204,4,5,4,7
12.890677105434957,77.58991614556265,4,7,7,7
13.01807662478866,77.67534613023923,5,6,3,6
13.025319073118203,77.59068403410245,3,7,7,5
12.911836387400056,77.63588974700227,1,10,7,10
12.935048569263525,77.52426426121926,7,6,7,5
13.088518367892991,77.64896984482843,7,7,4,7
12.875195508406437,77.51364228824868,3,5,6,5
12.970641979428905,77.64407510672885,2,8,10,10
12.88353573298936,77.66310567220651,5,4,3,6
12.960129638242167,77.6940903219609,5,4,3,7
12.938065358377726,77.6957988035474,3,5,3,3
12.851899219057268,77.52072056457207,6,5,5,4
12.96965653845455,77.50693103837945,3,5,4,7
12.912367079003872,77.64206882690414,2,8,9,7
13.03796124605567,77.63918493859344,6,5,3,4
12.909728710539232,77.69740278817865,3,5,7,7
13.006468942731809,77.5732576967863,4,4,5,7
13.042155124532547,77.69112358537274,7,5,6,7
12.949666003550563,77.64757724295418,1,8,8,8
12.897114921740005,77.54019387042595,4,7,5,5
12.885290784948102,77.52721768466711,5,7,7,7
12.972793793216239,77.49182218730844,3,5,5,7
12.945840352223179,77.71312881200737,4,4,6,6
13.011368941196407,77.60003183579974,5,4,6,4
13.01101246732154,77.63580924115321,4,6,5,5
12.898784719446882,77.56362694704657,3,7,6,4
12.85649052832138,77.47686438081924,6,4,6,4
12.944660818064976,77.65703854822618,3,5,4,5
13.036068379011803,77.62059171193738,6,7,5,6
12.976062420766997,77.67085091031694,6,7,6,4
13.029599117401768,77.48566100226412,5,4,7,7
12.908299070801313,77.67425940881233,4,5,5,7
13.004080815102846,77.65458178398276,3,7,3,6
12.920589506721324,77.70777641751415,6,6,7,4
12.859373867202363,77.69596267996556,4,7,3,3
13.027316404351945,77.63126017781644,7,7,5,6
12.873011796576034,77.53434164836747,5,6,5,6
12.958537956001667,77.59767296656221,1,8,10,7
12.945177548809164,77.53776389856625,6,6,4,3
13.03454191999256,77.71184613726487,6,4,5,3
12.862524164430274,77.60062408851546,3,6,4,7
12.894950880111047,77.58921142187155,6,6,3,5
13.073013427608705,77.70549682684866,6,7,5,6
12.87876239962,77.69356842584249,5,7,4,6
12.958832057040523,77.58041432791948,3,4,4,6
12.995802135575923,77.6316640257021,6,4,5,3
12.920196111159122,77.69631192730769,5,6,3,6
13.055307435342005,77.63949495002458,4,6,3,3
13.058728643314689,77.48450882875619,4,6,4,6
12.989527177491867,77.49657726598414,5,7,4,7
13.01631946748644,77.6815978557713,3,6,4,5
12.857044593046334,77.49094271049879,3,4,4,7
12.950554199414762,77.65468946783197,5,7,5,5
12.914597083353769,77.64666373963179,1,10,8,8
12.99118819959887,77.47580478100559,6,7,3,3
12.990151650954038,77.62317729088379,1,10,8,8
13.05766385769453,77.69118892234715,4,7,6,4
12.96731438565123,77.58897295585555,3,8,7,10
12.962090996382717,77.66922083083726,3,5,6,4
12.92540378874637,77.47723773140636,7,4,4,4
12.895761347105168,77.5054879812104,3,4,4,5
12.97824711500334,77.5483951429974,4,5,3,4
13.005567734246291,77.5725270218909,7,5,3,7
13.090537662527158,77.6599712647261,4,6,5,6
12.931575273425347,77.5901270808196,7,7,7,6
12.99809574080383,77.71389818684212,7,5,6,4
13.083703915380585,77.68979960223382,6,4,5,7
12.952075365301365,77.53539261794691,4,7,6,5
12.910464509993206,77.57189502370507,7,7,7,5
12.924253805614507,77.48938324128606,7,5,7,6
13.05056087505917,77.71281583821062,4,5,5,7
13.051236175905998,77.70210077672733,6,4,5,4
12.979976075291916,77.70719827245077,5,4,6,5
12.90209052341243,77.58676432618536,6,5,6,7
13.042168703696921,77.59924695438593,7,6,3,3
13.006246023820305,77.48446441315099,3,4,7,5
12.919403764979688,77.67971850055005,5,5,5,6
12.987932488161418,77.60364287566715,1,9,9,10
12.917155467577086,77.57196502194607,4,5,4,5
12.902157531688784,77.61526444482915,5,4,7,5
12.87457900930503,77.66677527259952,5,4,7,4
12.86631918259757,77.58565471087303,7,5,7,3
12.995925153714788,77.59397886078881,10,1,3,2
13.026709103813825,77.63227275774956,7,6,3,5
12.885707152193191,77.71326389495809,4,6,6,3
12.967870006635168,77.65142772555343,3,8,10,8
13.034250912084627,77.57875579361767,6,7,7,5
12.989302369307037,77.65557822520823,3,10,7,10
12.859530376620183,77.57773213495726,4,6,7,7
12.964448183074087,77.63663320880481,2,8,10,9
12.942520026380446,77.52223741259252,3,7,4,7
12.851954817004827,77.54037198712685,5,6,5,5
12.97200169492031,77.61775243230284,1,8,7,7
12.94348752911366,77.48159020235883,6,7,7,7
12.855699221887438,77.63910911707293,9,3,3,4
12.954469438674074,77.63095714255428,1,8,7,7
12.991706126707138,77.67389158432309,4,5,6,4
12.925750996899664,77.51285693388884,6,6,4,7
13.030322787706195,77.59734493247069,6,5,6,4
13.083464351627045,77.4991302374919,3,7,6,3
12.895467165299417,77.57217238286744,3,4,7,6
13.014044259165262,77.69215771134347,4,5,3,7
12.87838445384003,77.61232546641084,3,6,5,5
12.86378556541586,77.67157352705163,8,1,2,4
12.957766819115864,77.65612996113967,3,9,10,10
12.959486038354703,77.54142878750672,5,7,5,4
12.991618572698304,77.64451887516739,1,9,8,7
13.049857109153912,77.6668591594012,6,5,6,3
13.080831393590286,77.61936418283412,5,4,6,3
13.00969052944797,77.59077836335089,5,6,7,5
13.037296204030332,77.71051084616427,7,5,5,5
12.853429478310604,77.65734491775802,7,4,3,1
12.859105228722134,77.49191059487661,5,6,4,7
13.03781619419942,77.58882888670033,3,6,5,3
12.94317799091695,77.70810848821584,5,7,3,7
12.905296908538348,77.55724999168247,4,5,4,3
13.038021375992919,77.49563959219634,7,6,4,4
12.93194664323512,77.55288000009362,3,4,3,4
13.018441018860225,77.53340834369898,8,4,3,3
13.037987209128623,77.69593082004809,3,7,3,7
12.943720295691088,77.62597603454492,2,10,7,7
12.878701307521059,77.71043166292134,5,6,4,4
13.018834223693768,77.57127880748962,4,6,6,3
13.068336035391686,77.64286780527023,7,6,3,7
12.947697040405899,77.5767757707156,7,4,6,5
13.054479620263557,77.61853873402293,6,4,6,4
13.088677502932102,77.58090931614329,3,6,3,4
13.09091558601518,77.58906133874528,3,7,5,3
12.92194428919768,77.55247467535588,4,6,5,6
13.050739916238095,77.58225744534228,3,4,5,5
12.8750187494215,77.49950295513854,3,5,7,4
13.07296032149014,77.5994025066761,7,7,5,7
13.078213491021009,77.52901702359392,7,5,6,4
12.99886109906743,77.50509843266894,3,7,3,4
12.975160670789407,77.68920017544423,6,7,3,5
13.007487147143104,77.64998800006461,6,4,3,3
12.924564116191144,77.68271865174543,5,6,5,4
12.89925123971818,77.7145809393468,6,6,7,7
12.967729632293667,77.48943002935594,6,5,5,7
12.909638519125094,77.52325269082019,3,6,4,6
12.86249957609097,77.50281617510817,4,7,5,6
12.920424812368138,77.64893707792706,2,10,10,10
13.08392790116319,77.64972570414015,4,6,5,4
13.012480173776671,77.50642477986437,7,2,3,3
12.97116118152044,77.53849969738411,4,4,6,5
12.882427436198544,77.51594058740794,5,6,3,3
12.93559476472399,77.57667331702922,6,6,7,4
12.889388952815688,77.64740020635536,5,5,6,5
13.068367827459658,77.49556383871958,6,7,6,7
13.049653203607797,77.66702635705657,4,7,7,5
13.024300728237598,77.6798600229281,6,5,6,5
13.008269472369996,77.47766483498177,3,5,3,7
12.888417955665146,77.61838904142017,6,5,4,6
13.013795142618486,77.68581809620734,6,6,3,4
13.015353332733428,77.69689055625409,3,4,7,6
12.90873096483228,77.67124498879554,4,7,4,6
12.939350269128122,77.59916221505414,4,7,7,6
13.057395457331836,77.67274523904065,6,6,3,4
12.876741164200185,77.56683012477579,6,5,5,5
12.910085506575692,77.48594377470287,3,6,7,7
12.957500871421862,77.50151897693038,6,4,3,3
12.868480117746282,77.50994257358295,3,6,6,5
12.906422832827584,77.68159839800111,7,6,6,6
12.99011925752577,77.70725132403977,4,4,7,7
12.937958151943242,77.55523712943122,7,4,3,4
13.001098361268541,77.5572964567536,3,5,5,7
12.958107782574151,77.4988324402978,3,4,4,3
13.02755091721385,77.5933058810656,7,5,5,4
12.887464396456403,77.48621037452044,4,5,5,5
12.976387563626385,77.54523694996742,6,4,4,5
12.879863187357872,77.66450745310425,5,4,3,6
12.881950073012803,77.48346675122686,3,4,7,5
12.93408479903592,77.69094531172429,7,6,3,7
13.036673129101668,77.70640470225274,4,6,6,5
12.893786020562716,77.70106318866374,5,7,6,7
12.915432645511826,77.63148362954679,3,9,7,7
12.911300050202218,77.57534120439081,5,5,3,3
12.964696572616177,77.71164715865484,4,4,6,6
12.991720124286143,77.53873467145715,5,6,4,4
12.947747475709276,77.5219766821792,4,5,4,6
13.076107432534572,77.55923158044165,3,5,5,7
13.05391751495162,77.57524257066402,4,4,7,7
13.005173513932188,77.68130391309843,6,4,4,3
13.030161938951867,77.65560429745483,6,5,5,7
13.087024741524894,77.50036219924064,6,5,7,3
12.983674158958351,77.64856165928377,2,9,8,8
12.96520303720391,77.57263412480575,6,6,6,6
12.867103581263086,77.60674854901549,3,7,4,5
12.932421223967872,77.61570101245589,1,10,10,9
12.920285222446832,77.61885153856521,3,10,8,9
12.92535231647171,77.59102990029444,6,7,4,4
12.918285163475907,77.5886309954575,7,4,5,3
13.04541607256199,77.56606039615626,5,5,4,4
13.0634983803037,77.66050556300077,7,5,6,5
12.857101204988332,77.48262893707248,3,5,3,7
13.034191624441808,77.52985181074764,10,2,1,2
13.017607403248928,77.48063280213346,5,4,3,3
13.066722029545174,77.6205938827365,7,6,5,7
13.026239430211433,77.7011980775812,4,7,4,4
13.064470920899588,77.59273873014948,7,4,4,4
13.087264484307518,77.58988811764193,3,6,3,6
12.912398857936793,77.69807102791444,7,5,5,4
13.001919184161922,77.53154717816265,4,6,6,5
12.906056741910557,77.49212371533113,6,5,4,6
12.854697881409642,77.5960368083704,5,4,4,7
12.939962162806157,77.59333996054077,3,6,6,4
13.075446543724858,77.64955145153851,3,7,4,4
12.863942381257678,77.68319096739108,7,6,3,5
12.856145356935688,77.48306578439475,4,7,3,7
12.956736538485156,77.57646108114758,4,5,6,6
12.928483839122901,77.48532319258801,3,4,3,7
12.870368134031121,77.52425490726579,6,6,4,3
13.044852902892833,77.61569030911946,7,4,4,5
13.081446932461919,77.62727614095672,4,6,3,6
13.02932556843137,77.55244511869037,7,7,6,3
12.866699008641444,77.60230027604732,3,6,4,7
13.01705342313409,77.53294320569559,9,3,3,3
12.941693803536493,77.53414471492937,7,7,5,7
12.953807586659034,77.6102454781366,2,10,10,8
12.900303573477725,77.64254137354614,3,7,5,6
13.009421939428528,77.70790001239209,4,7,4,4
13.017192020873807,77.64366033035262,3,7,6,4
12.926597004439783,77.59114434763383,4,7,7,5
12.90739543314727,77.64766800829092,5,7,4,5
13.041831382091662,77.57643523584268,6,5,4,4
12.87480478780654,77.53174342330114,5,7,4,5
13.01624749332169,77.70088727225453,5,6,4,7
13.028231998163289,77.60130011703254,5,4,7,7
12.959645275501448,77.49727600387892,4,5,7,3
12.900058570616746,77.59968456153342,7,7,4,3
13.05867576676132,77.57575316315642,7,7,7,3
12.860275810711844,77.57164854480824,7,5,4,4
13.088600539977813,77.62173678587413,6,7,7,3
12.961229947101074,77.61508095822278,3,8,8,7
12.930567842852865,77.60511323057221,2,10,7,9
12.88822970798568,77.6519361397614,4,5,3,4
12.900963287220208,77.59443467046282,3,6,5,3
13.079992049151414,77.69249382828126,7,7,5,5
12.99419639283075,77.7059345662964,4,7,4,4
13.000525020028206,77.68668825645163,6,6,6,4
12.936159446421541,77.69640905338763,3,5,6,4
13.05513686083439,77.69239368870797,4,5,5,5
12.869439182510288,77.69599251570477,4,5,4,7
12.890060485253533,77.5283367978752,5,4,6,5
12.852009448517022,77.7101103602917,4,4,6,6
12.961430301107194,77.62887731542662,3,8,10,7
12.92020783052145,77.66742947445715,3,5,6,3
12.98822300375308,77.70712493264426,5,4,5,5
12.979287599269075,77.60096857976902,1,9,9,10
13.071891668048718,77.5491565926154,6,5,3,4
12.978682975135133,77.51372532163244,7,7,4,5
13.090143562048013,77.57496028803402,4,7,7,3
13.026893009787061,77.70169834436928,6,6,4,5
12.952071388430968,77.51388778002992,3,7,4,3
13.003595167859187,77.50418977335858,3,6,4,5
12.899975924076047,77.70612648520957,4,6,3,3
12.87306302590222,77.59830251867537,5,4,4,4
12.985558600594652,77.59571126624992,1,8,7,9
12.929528868840315,77.65554183695536,6,6,6,7
12.905814782589765,77.55322350736802,6,4,3,4
12.872954787467917,77.61561232109473,4,7,3,7
12.918979503989913,77.60684187296523,1,9,8,10
13.051337857921915,77.64897070329867,3,6,4,6
13.035813426196405,77.68434821569804,3,7,3,5
13.009565389671787,77.57724495348224,7,5,5,5
12.8758778075437,77.50840010525617,5,6,4,4
12.987258606679983,77.70454822980282,7,4,5,5
12.902646705624058,77.54550707741053,6,7,7,3
12.977577072092215,77.58127429250258,5,5,4,7
13.019346648859642,77.52396191680208,7,1,2,2
12.911533043531144,77.49689617001077,7,7,6,4
13.045014840531811,77.4878724344462,7,6,3,6
12.98253004952682,77.6172640773103,1,9,7,7
12.862597706034125,77.5226772563308,6,6,7,4
12.982301754852504,77.52171120504293,5,4,3,3
12.988842148631178,77.60684714285999,1,10,8,7
12.910571972139696,77.70775474061082,6,7,5,5
12.876827034882758,77.57154336351867,5,4,6,6
12.996596837635394,77.57506320242562,3,4,4,3
12.920791144443923,77.67888088060609,5,7,6,4
12.886588266421324,77.70217158339717,4,7,4,7
13.017759070026084,77.55458806253469,5,5,7,6
12.98232579795257,77.689011881971,4,7,3,5
12.971837575845285,77.60116620397669,1,10,8,7
12.925342635442822,77.58250419986527,3,5,4,6
12.914019039478767,77.65682834218799,4,6,5,5
12.886110360744288,77.50276011362875,6,7,3,4
12.943806924783374,77.58353147526444,3,6,3,7
12.9183977291338,77.66552769775463,4,5,5,7
12.913043854178435,77.66553706152496,7,5,4,6
12.880558892596687,77.58971361295836,7,6,4,6
12.896234887644097,77.67589073171939,4,4,3,6
12.870407193892573,77.49044200708984,7,5,3,5
12.911028466472796,77.6280131754807,2,10,8,9
12.974327082782057,77.59608492456641,3,8,9,7
13.033401401613006,77.60376857741394,6,4,5,7
12.892951595095255,77.5070898010359,6,4,4,5
12.851840018990444,77.51006944950065,4,5,3,3
13.06458850782739,77.6028735636102,7,5,6,4
13.045738293908856,77.5902533986282,6,7,6,5
13.084137324590705,77.5086831080471,7,6,7,3
12.940473150765794,77.51366777377272,4,4,6,7
12.859662201266037,77.61502804206958,3,5,6,4
12.951716383701235,77.70223270060649,5,6,3,4
13.034728282366359,77.55602574273875,3,5,3,7
12.855645516906414,77.52099736856538,4,6,4,5
12.932682798232792,77.5962234690811,4,6,4,3
12.997599785086004,77.63600926321625,3,7,7,6
12.879973916207394,77.61319993429694,3,7,5,4
12.92875097750542,77.58337380480187,7,5,3,4
12.857203649643484,77.54946365867987,4,4,5,5
13.031460819607965,77.53098759407025,8,3,1,4
12.974065938813967,77.62841721201454,1,8,7,9
12.90058652268449,77.59499990182347,3,7,7,4
13.03201499889847,77.6207860714576,4,6,6,3
12.978660416548639,77.49559272254183,3,4,4,4
13.033903529730033,77.56709018234126,6,5,6,3
13.074884001309897,77.70811693087224,3,5,3,4
12.856605256112337,77.68751054515845,5,5,5,4
12.984802744618825,77.69869522697336,5,7,4,3
12.858140114299218,77.6982026971527,6,4,5,7
13.070209656449912,77.65347264170902,5,4,6,5
12.936617355363765,77.65371492713042,6,6,7,5
13.03588899818881,77.50746371459718,10,3,1,2
12.989684201560078,77.64847677711403,1,9,9,10
12.987378951635524,77.53053502775305,6,6,4,4
13.026105037798422,77.66927077035106,7,6,4,7
12.966892039171237,77.65188366403999,3,10,7,7
13.004912224725228,77.49400655032025,4,4,6,3
13.073302917723444,77.55932287674423,7,5,3,3
12.9452600108396,77.52203266908917,5,5,6,3
12.923182633315783,77.54388450813546,6,7,4,7
12.913680857547078,77.62788773280144,1,8,10,8
12.997892913279157,77.54672521775927,3,7,6,7
12.964382383097108,77.60652378918877,1,8,8,8
12.91436959068039,77.5563234924118,6,4,3,5
13.08223022430704,77.59693178825408,3,6,6,3
12.870488504440422,77.70335303371607,6,4,6,3
13.04138676156269,77.6610830069395,7,6,3,4
12.99340108116693,77.52790786758997,4,6,7,6
12.896518125110308,77.64338455300334,3,7,5,7
12.96670572787259,77.53558184002107,3,4,7,5
13.065861763907096,77.5131471882655,4,7,7,7
13.058567168575843,77.4842555738581,7,6,3,7
13.072514406079225,77.64877802176655,7,5,6,6
12.982363134510637,77.55942989521303,5,4,6,5
12.901540325018303,77.52285654381755,3,4,7,5
13.059216580466892,77.50970456095331,6,4,3,5
13.079473018292084,77.70469760053693,7,6,7,5
12.925737076005264,77.69702394900926,3,6,4,5
12.884242545687767,77.63182716663995,7,5,3,7
12.997055557394663,77.56448633823234,5,6,5,6
12.857791428952366,77.6909001249874,4,4,5,7
12.976238197073524,77.59274000742329,1,10,7,8
13.075153028146302,77.48003361581355,5,5,7,7
12.857873801662514,77.69445033219347,3,6,4,4
12.886597171791658,77.61809137160604,4,6,5,3
13.01535547785325,77.65963744101016,6,6,4,6
13.046485184211493,77.5552428570392,4,7,3,5
13.00601310760394,77.5051187715159,6,5,3,3
13.00029324248193,77.557674193545,6,4,3,6
12.902279052239157,77.63681627007762,6,6,5,4
13.026001152018624,77.48190012070174,5,7,3,6
12.977097100886814,77.68131394731796,7,5,7,6
12.856194409608854,77.60886228691638,4,4,7,3
12.910096110689594,77.55124567317566,5,7,7,7
12.908451448202058,77.63850050702789,2,8,8,7
12.942693141781213,77.49923553243559,5,4,4,6
13.072881579081042,77.60675227042292,6,6,4,5
13.075642149581514,77.61280048252351,6,6,7,7
13.050078205692254,77.65933723199882,3,6,4,5
13.052005343770704,77.48049723668773,5,7,6,6
13.01177192937784,77.4877112000989,3,4,4,3
12.956998502682191,77.47470097920444,5,6,4,3
12.977981695889143,77.5340704672175,4,5,5,6
12.913868540612592,77.54548990577482,4,6,5,4
13.083610765922792,77.53045198290519,3,7,6,7
12.98845208607517,77.47729814741572,6,5,7,4
13.023488259690788,77.55788143283897,7,5,7,4
12.923571076719444,77.53696441962389,6,5,5,4
12.871719192663159,77.48987863713795,5,6,6,4
12.885218298851257,77.58424629651861,6,6,5,6
12.857012562076807,77.59274512505677,7,6,6,5
13.019825298134693,77.6656852746319,3,7,3,4
12.871906529586713,77.53808391429251,3,4,3,4
12.985678828403087,77.60115440993015,2,8,8,8
12.972592593464368,77.62879106988215,1,8,8,10
12.962990914869831,77.68692876933895,5,7,6,4
13.023176285640215,77.60760980071791,3,7,3,6
12.936859168804123,77.64141111672077,2,10,9,9
12.873837009691856,77.60061608488833,7,4,3,3
12.944083981128147,77.60698280993765,3,9,9,8
12.945692999875716,77.50581270309348,3,7,4,4
12.861491916893272,77.63102124657044,5,4,6,6
13.015299208646658,77.63378155225503,4,5,7,4
12.962272054504995,77.69278087394198,6,5,3,7
12.882857094545415,77.54511739533234,4,4,3,7
12.891965307509121,77.66772730359601,3,4,6,5
12.9368237687805,77.54949879086973,5,6,5,3
12.865944011955872,77.65274712124948,7,4,1,1
12.86082852225486,77.52175212386999,4,6,5,7
13.07616281047745,77.61292111239229,5,4,7,6
12.868380798936613,77.63539204068536,3,6,6,3
12.929529694858953,77.5255020394809,5,4,6,5
13.033650486970696,77.56868079803272,3,6,5,5
13.018126460233406,77.7045621288913,4,5,6,3
13.04609254124187,77.65594745774823,3,5,6,6
12.89669014004051,77.47767505605967,6,5,6,7
12.956942095817626,77.59021777518792,4,6,7,4
13.018044022907723,77.54679561547333,7,6,5,6
13.032413217563517,77.54281328557076,8,3,1,4
13.087386564239944,77.58588441125193,4,6,3,3
13.069677950494402,77.62424780478902,6,6,6,6
13.043133558780735,77.71284605598527,3,5,3,5
13.035593345262695,77.60190433474071,6,5,4,7
12.910097838689287,77.65387778076553,5,5,5,3
12.986503460802071,77.58312672597398,8,1,1,3
12.983426639326549,77.6279734057717,3,10,7,7
12.946926236791242,77.5187749919534,4,4,5,4
12.992277958465506,77.69732802028159,4,6,3,7
12.941205498333625,77.50848508618574,6,4,7,7
12.915762543091022,77.5637413749833,3,6,3,6
12.960196624686867,77.63072333529293,1,10,10,8
12.979451120711545,77.5447384487013,4,5,4,3
12.8950901916951,77.55777464894518,3,6,7,6
12.864275999713536,77.64647335619291,7,4,1,4
12.852335758996277,77.68565808876234,6,4,6,4
12.885412658042737,77.6392492157768,7,5,7,7
12.934640502287445,77.6544817944449,4,7,4,3
13.008980474669585,77.5872440427787,7,7,7,3
13.087903381123855,77.55270527451421,4,5,4,7
12.958823924294853,77.55921148372151,5,5,5,6
13.00575791665167,77.57372649771858,7,4,6,3
12.873725496882333,77.56460101223928,3,5,6,5
12.948718760012097,77.49541578513087,5,4,3,3
13.01073014267857,77.64763115154116,5,7,6,5
12.87813079932961,77.56469148499198,6,6,7,5
13.013782623499868,77.56762507230503,7,7,7,5
12.85431261746195,77.70076102157839,7,5,4,7
12.882539105780843,77.63118502618792,5,6,3,4
12.90990619863674,77.61299666811132,1,10,9,9
12.962203434604922,77.66256638487444,2,8,10,10
12.852663373097142,77.64433111625381,7,2,3,4
13.07167630925911,77.55674303849145,7,6,6,5
13.004593976321983,77.69171397339788,5,7,7,5
12.925704516038389,77.54770180839547,3,6,4,3
12.988759671575554,77.59991803912891,3,10,7,8
12.870689724804292,77.58700049834862,3,4,3,5
12.973025459410605,77.47913668008698,7,6,4,7
12.924125414302676,77.71324396894194,4,7,6,4
13.069835780444357,77.70200589457603,4,5,5,4
13.071197696800855,77.65037088615135,7,6,5,5
13.031577541178208,77.65029613481549,4,7,4,7
12.928378168139501,77.70293635977613,7,6,6,4
13.053834847720651,77.55002964468345,7,4,5,6
13.02458793364467,77.4844876178859,4,4,7,4
12.996599834214525,77.54518003124706,5,5,6,7
12.860269455579076,77.56296828546404,6,6,4,3
12.938007888100746,77.60539419069096,3,10,8,9
12.972909640312992,77.68577724554456,5,4,6,5
13.083464941821934,77.70199574294047,5,6,4,6
13.067642011989383,77.53157763848124,4,6,4,7
13.073798182559193,77.62859727746891,4,7,5,5
12.873058953805273,77.50950388810229,6,7,4,5
13.056053245441486,77.606587579462,6,7,5,6
13.0659306923571,77.54509095152672,4,5,6,4
13.02273911610766,77.48667519262415,5,7,4,4
13.04460891725168,77.56460871159791,5,4,6,6
12.980183399122636,77.59865168560104,1,10,8,8
13.052047665021,77.55683908277592,3,7,3,6
12.957786037324873,77.712556917287,7,4,4,5
12.953618817001205,77.61432121073602,3,8,10,8
12.998072613520288,77.69537426897297,3,4,5,7
13.01679999982011,77.65032344862212,3,6,6,4
12.905272447507393,77.60649708415765,6,4,7,3
12.926877264482473,77.63190892427146,2,8,10,8
13.0915468678492,77.54342879678167,5,7,5,7
12.862281541437643,77.57305013772019,5,5,3,7
12.900047890149908,77.60367812922509,7,7,3,6
13.005172974336606,77.49964189733235,6,7,3,7
13.036473920150973,77.55404299349651,3,5,6,5
13.043986901742757,77.62154003010215,3,5,5,5
13.063164563938255,77.70541342827609,5,7,4,7
13.087338053321318,77.6419045409312,6,6,4,3
12.895875048182937,77.69092332775075,5,4,5,3
13.052427165292142,77.5626013846882,3,6,6,6
13.085298878635168,77.65577304298307,6,5,3,4
13.079002055940178,77.48834545020497,3,7,7,5
13.045448600532135,77.55941660589129,6,7,7,7
12.974285130801766,77.54292343279155,3,5,5,4
12.935142777841154,77.57216781625038,6,7,4,3
12.900553086275917,77.47568400305859,6,6,3,6
13.069575539121391,77.67072595088108,5,6,4,7
12.946180366906551,77.51157812435548,5,7,6,4
13.082027099668247,77.57022654773093,5,6,3,6
12.951855899873957,77.67859215220635,6,4,3,7
12.985606395459683,77.53115099010553,6,4,4,5
13.05001222535376,77.60661139253136,6,6,4,6
12.942228243837178,77.55549339709931,3,5,6,7
13.054066346234015,77.64249206161026,3,4,6,3
12.933909808731137,77.50653612697319,6,5,7,3
13.04482489937955,77.61933904073052,5,5,4,6
12.914684267321658,77.50927272253391,4,5,5,6
12.995466604051213,77.56569970583857,3,5,5,5
12.98671888869783,77.47484380085854,6,5,4,3
12.900338602595797,77.60346461993124,7,4,7,3
13.050994912518819,77.4981905284399,4,4,5,5
12.93569773497909,77.5982007407547,7,5,4,4
12.974146088602328,77.55866093151015,5,6,7,6
12.914911555024155,77.49611343475418,4,5,6,6
13.069464280588328,77.62440612390998,3,4,6,4
12.853609768306352,77.57414627503462,4,4,4,6
12.97989769633012,77.51176791910575,4,4,5,5
13.020100227288278,77.59737004671068,5,6,4,5
12.904036403988199,77.56249311426728,4,4,3,5
12.976644694931835,77.49236103190927,7,6,5,6
13.031371756631602,77.71355347600239,6,4,5,4
12.978167695388546,77.69696835398152,5,5,3,7
12.938088051470519,77.70623186305072,7,4,3,4
12.960479851996363,77.70767209702909,6,6,7,4
12.85337768694098,77.48585527464344,3,4,6,5
13.07694342705007,77.51016071314092,4,7,6,7
12.908337110169416,77.54635834643118,3,4,4,5
12.912926552534325,77.60868211226054,3,10,8,9
13.069535515883995,77.55544238524597,6,6,7,6
12.929845852321762,77.70788575143823,3,5,6,6
12.970440296975081,77.58344311895513,5,5,6,4
12.879466492545872,77.59406448333942,7,7,7,4
12.957528267773455,77.58705692952572,3,6,4,3
12.93875681839656,77.51692897174019,6,7,7,3
12.860294535039625,77.70950155987735,5,7,3,7
12.9044721392511,77.51237026691416,6,5,7,6
12.895955143447761,77.60618284881308,4,5,7,7
13.015098054914061,77.65130643872473,7,7,7,6
13.038127109705895,77.50228677444717,8,4,1,1
13.064929709599316,77.69954368142376,7,4,6,6
12.933800914654999,77.48793580436131,7,5,6,6
12.953702665105235,77.57331123350416,7,4,5,3
12.889526530990352,77.5020589749222,5,7,4,3
12.998002949883652,77.65056493446887,7,4,7,6
12.85982138370446,77.66462068891394,7,4,3,3
13.005337768414341,77.51349607746361,7,1,2,1
12.917356825959725,77.63258227028774,1,10,7,8
12.953038513472153,77.51659823967084,6,6,6,4
12.991625738015742,77.66006991327066,7,6,3,5
12.866539515618975,77.5013868445354,3,4,3,6
12.859040028445337,77.61178645399804,5,7,7,3
12.900731523036145,77.58922561959524,3,5,7,4
13.007423782285906,77.63870185417146,6,7,6,6
12.862221028476862,77.57099774543839,5,7,3,3
12.857394424641951,77.67335038186036,9,2,1,3
12.857907214232219,77.71424957041549,7,5,4,7
13.047193411095684,77.48765946390083,6,4,6,3
13.012795921239723,77.5351014800651,8,4,1,3
12.967504440093311,77.525809581649,3,5,5,3
13.072931700845917,77.62913784964492,6,7,6,5
12.941424087532813,77.51195014957584,6,5,7,7
12.993637599334138,77.49274680865373,3,7,4,4
13.079967982871032,77.62686721921226,7,6,7,5
13.028545190996706,77.6742410982948,7,4,6,4
13.005758630251716,77.50441514576104,6,4,5,5
13.07583314007992,77.69436228486836,5,4,5,7
13.029495233009087,77.6337773039435,4,5,5,7
13.078715840828197,77.5937548308991,4,7,5,5
12.855147421275609,77.5805889230666,3,4,3,5
12.877194939751703,77.47864429188775,4,5,6,4
12.971060177822146,77.50645561084147,6,5,3,4
12.931408872639583,77.6744958429503,4,4,5,3
12.877593781892257,77.5394740393776,7,4,7,3
13.01047949835629,77.48050087133079,7,4,4,5
13.077543019586221,77.48498826623681,3,6,5,4
12.863209531018244,77.5193246480243,7,7,3,4
12.955489660564616,77.52305657809725,7,6,6,4
12.999529577878608,77.6212247324531,8,1,3,1
12.895672944418232,77.62056442255786,4,4,4,6
12.883287034799654,77.71386144542666,4,7,5,3
12.994433873817881,77.54626296145928,5,6,3,5
12.99900934540676,77.638943150923,3,6,6,3
12.924334704601147,77.50098988080603,7,7,5,6
12.948272378584331,77.62070406796225,3,8,7,7
12.97481756486368,77.69436730336817,3,5,3,6
13.090985519153948,77.58390270004072,3,5,6,6
13.049930003789056,77.60348005380727,4,6,7,6
12.904190826903472,77.63861262400603,7,4,4,7
13.00699124514414,77.59749437183231,9,3,1,2
12.889373172398455,77.5726821713708,3,4,6,5
12.959455665906358,77.70362756952791,5,7,5,5
12.941271625804992,77.61776011931329,1,10,9,7
12.985153228278351,77.70127723639406,4,4,6,3
13.009458579780393,77.58513570303194,7,5,5,6
13.028862876071035,77.59154483901415,4,7,5,5
13.00681780737203,77.54269372623712,3,5,4,7
13.032456913868458,77.64202379924878,4,6,4,7
13.052200327880273,77.60217055930734,3,6,6,6
12.969098071323401,77.69586447186063,5,5,7,4
12.855458842727337,77.69167027034167,7,7,3,7
12.854838750829725,77.52783378872219,5,5,4,7
12.895281538881715,77.57012591052833,3,6,3,7
12.868085056194085,77.70002726097343,4,4,3,3
13.007396891517995,77.61687261360497,8,2,3,2
12.873954688139158,77.61117105762666,6,6,3,3
12.98921518368887,77.62116896502384,2,10,9,8
12.853337886345296,77.70737481222898,7,6,5,7
12.999005863430266,77.62582335503538,9,4,2,1
13.050594480571455,77.54725937202014,5,4,5,3
12.96514231439644,77.68298640336545,7,6,5,4
12.912284141933311,77.55691751109393,6,5,4,5
12.908388169806118,77.60090375916867,7,4,5,5
12.967299034607382,77.49869115919759,7,4,6,5
13.002239587308932,77.61822853443294,7,3,3,2
13.067590521402245,77.54461118614546,6,5,5,7
12.922811487002795,77.49423250286353,6,7,6,5
12.987947787274836,77.58843618618982,9,3,1,4
13.003761350487528,77.6712526693234,3,5,5,7
12.871606272880337,77.69199085704977,4,6,4,7
12.933501688542691,77.68933901340807,6,5,3,5
13.077228656697347,77.61034164053001,3,6,4,4
13.004778466904583,77.50906154462905,6,4,6,3
13.06561661624965,77.69261519714524,4,5,7,7
12.96574848232978,77.56073300065125,7,7,6,5
12.96251562758826,77.71041034986641,6,4,3,4
12.988638444855503,77.63736703219946,1,8,7,9
13.038858648167048,77.53413355975495,10,4,2,3
12.940862192854617,77.68539314845026,5,5,6,4
12.961219562362087,77.49625235477775,3,7,3,7
13.078236498147742,77.65977062058897,6,7,4,3
12.911569198450051,77.49501247796857,4,6,3,7
12.934127467268894,77.58813061817183,4,6,4,4
13.076073340950744,77.56835145451208,4,4,7,4
13.006871841179391,77.59696623119014,10,4,1,3
13.02255135836794,77.59259868704602,3,5,6,6
12.900504497062157,77.50334333637093,6,4,3,3
13.011522762505281,77.61220005619639,7,6,6,5
13.041999322501342,77.59285933292534,6,6,6,6
12.997386486114788,77.58047654452565,4,4,4,4
13.082193408175806,77.61423596829805,6,7,4,5
12.868956281805035,77.53923098010054,5,4,4,4
12.969991682100382,77.63606652675465,2,10,10,10
12.935788911277458,77.70230819378146,5,6,4,3
13.000831288407038,77.54644711692677,6,6,6,6
12.935332980038531,77.49814966575522,6,4,4,6
12.959040156023883,77.71428727638913,5,4,7,6
12.85551973320491,77.47749087246284,4,6,5,5
13.078476240973549,77.64354238286458,3,4,3,7
12.873332351592342,77.62199892505485,6,7,6,4
12.977700608043566,77.56903351593544,7,4,4,6
13.087793024651821,77.58795392482986,7,6,5,6
12.997794517891695,77.69820614077985,5,6,3,4
13.034389980646479,77.68743914675315,6,7,7,3
13.001593704104783,77.53273886517829,6,5,7,3
12.890536353650498,77.58032757654836,3,6,7,5
13.026040362989475,77.62342395925376,6,5,3,7
13.071950446662639,77.57654893557411,4,7,7,5
12.925029810372573,77.60722714670071,3,9,10,8
12.94950767284632,77.61826977303127,3,9,9,10
13.082818526235732,77.68064509647354,7,6,4,4
12.969027293635525,77.50324998682433,6,4,5,3
12.88830361915754,77.58606448323403,7,7,7,6
13.01891952162935,77.58877439432288,6,6,6,6
13.021586395579913,77.56741531274548,3,7,4,3
12.861693703252486,77.62520674504289,6,4,7,5
12.870762416534058,77.6621712395329,4,5,5,3
13.077226145174492,77.50271822068075,3,5,7,7
12.93372448593982,77.68322248904485,6,4,5,5
12.935411825270482,77.70001166437753,4,5,5,7
13.079319773752987,77.6613370903557,7,7,7,5
13.089283446187949,77.65722992296298,5,7,5,5
12.96617181653875,77.55322187233571,5,4,4,5
13.060577233389356,77.58147757438897,6,5,3,4
13.022570144830308,77.63134298621371,5,5,5,4
13.024316273306747,77.59141753286906,7,4,3,3
12.858255649117584,77.57685691065195,7,5,4,3
13.003815250834695,77.48674131781658,6,5,5,5
12.871948296024506,77.54895871955053,3,4,5,5
12.862792705162116,77.6677562543294,10,2,2,1
12.88671238298702,77.61169847761275,6,5,5,7
12.929474051882314,77.70885209987,7,5,3,5
13.009692129350062,77.70247820796621,4,4,4,7
13.036620428432997,77.60176718610774,3,4,7,3
12.901855241533571,77.62578013269973,3,7,5,4
12.925625252036424,77.68937480753192,5,6,4,7
13.00204760020559,77.68799592651808,3,7,5,3
12.980932523372356,77.71410930477155,5,5,4,6
13.08489085138033,77.51491382060752,7,6,5,3
13.009367400843564,77.58215538005788,4,4,7,6
12.99456556082671,77.54438463790787,3,5,4,5
13.015775195533472,77.52454559804961,10,3,3,2
13.049368686066215,77.57976460359744,5,7,3,6
13.08281867942205,77.5672708192148,5,5,4,7
12.952732064283337,77.55633285942912,5,7,3,4
12.862201237320829,77.65924551688241,9,4,3,1
13.045187475422372,77.50534653870298,8,1,2,4
12.966114901481614,77.55409254346375,6,5,5,4
13.077386438175031,77.6870524934759,7,7,7,6
12.959115894268745,77.5225842874514,5,7,3,5
13.063289178971722,77.49875852801755,7,6,4,5
13.072034456215649,77.62863658965124,7,4,7,7
12.937120702713553,77.4850669266153,3,6,6,5
13.07969734132487,77.57418129554144,7,6,6,7
12.975787351443472,77.62239443616734,3,8,7,10
12.864304912303771,77.52245562380678,6,7,4,7
12.982395589414224,77.64085528609723,3,9,9,8
13.06768205517839,77.6759257986453,7,4,7,5
12.95130423344277,77.57833154806174,4,7,3,5
13.083960923715845,77.54405344865528,4,6,7,4
12.87054136329931,77.57825967666184,7,5,7,5
13.018204910159685,77.57386648952505,7,5,5,3
13.085910488632159,77.68018189499416,4,5,6,6
13.022417945799681,77.55528078796357,3,4,5,7
12.8774685680346,77.48001239006553,4,7,3,7
13.029242643377286,77.50991257579513,8,2,3,4
12.983543700229488,77.55677662462416,4,6,5,6
12.910049147367403,77.65365832944134,5,6,4,7
13.056962312222469,77.67214372388666,4,6,5,5
13.075294222501418,77.60915789763207,4,4,3,3
12.90275670448149,77.49765624768077,7,6,7,3
12.898375588585791,77.67757607528561,7,5,7,3
13.000768927678479,77.69248485020593,4,7,7,4
13.016907299711606,77.70982924738883,3,4,6,4
13.071929767392358,77.70007340750216,4,7,7,6
12.876840305959107,77.65276736055493,6,7,7,6
12.971446318657,77.64177194818517,3,8,9,7
13.040671858545902,77.6333817546411,6,5,3,6
13.088443144654232,77.57862946782208,6,7,6,3
12.950983728143447,77.67513417208369,6,7,3,7
12.879147120279093,77.55991288689764,7,5,6,3
12.946402649157228,77.48983009934318,5,5,7,4
12.917064632208378,77.71067901861448,3,4,5,4
12.898739896011753,77.68069770077865,4,6,3,3
13.067550218194699,77.5500019423834,7,7,5,3
12.856083529999664,77.6002773081359,7,6,4,6
13.024712490827815,77.58105109059422,4,7,7,4
12.930602433730021,77.52192587448606,5,5,3,7
13.053925844655893,77.56284181619235,3,4,3,4
12.86752969344509,77.5237323622752,6,6,6,5
12.936237153880056,77.57355349013837,3,6,7,4
12.884723893867271,77.56628332762851,5,4,7,6
12.997385489007161,77.6485086645044,6,6,4,4
12.92011431778171,77.60056081808435,7,4,7,7
13.037675819578348,77.70392321527775,6,4,5,4
12.932758729965023,77.51245054059054,4,7,7,6
13.058492794151906,77.69527712241337,7,6,4,5
12.973029017791518,77.66634092949604,7,5,6,5
13.022180844276939,77.49414597052846,6,5,6,4
12.865461475736952,77.56092503478557,4,5,4,4
12.929625477635465,77.55585645014439,5,7,5,6
12.903495747106748,77.60998791674932,5,4,7,6
13.058342018107686,77.57391119725835,7,7,5,4
13.009263551844256,77.61843630106385,3,4,7,4
12.941762028451736,77.50818130053639,3,6,7,5
12.943555360201717,77.54316488128042,7,5,3,6
13.054955606752582,77.60253522116969,3,4,3,5
12.953010324409469,77.67747574654862,6,4,4,6
12.940367950886628,77.69556387098653,4,4,4,4
12.857956835047478,77.51697505354534,3,7,5,6
13.044918418249088,77.68328194484299,7,5,5,6
13.039946274796478,77.65042903520386,6,4,7,5
12.907873535355996,77.61472864136545,2,9,8,9
12.85352324284731,77.67119410090623,9,2,2,4
12.871951505253405,77.51386009523726,4,6,5,6
12.85799470690559,77.61027036534934,7,4,4,7
13.01085925184524,77.56833929168185,7,6,6,5
13.019463749884864,77.68321804737015,7,5,4,7
13.00939799078364,77.66213505494254,4,4,5,5
13.000308686047855,77.50578455635772,3,7,5,6
13.053797035332856,77.57491028213799,6,5,3,6
12.941124374695349,77.48998938523334,5,5,6,3
12.877128425931469,77.68342328750504,7,4,3,4
12.914915151262255,77.49443089778059,5,6,4,4
12.854475620761775,77.47675641097578,4,6,7,6
13.031879987370784,77.70410024047335,3,4,6,5
12.954556308902564,77.4798299085863,3,4,5,7
13.017308235248041,77.59051533106084,5,4,7,6
13.008305513555229,77.63347099864816,5,7,3,7
12.96196713314,77.521197650522,3,4,3,7
13.06050364356069,77.7020482429667,7,4,6,3
12.863376996846611,77.70942052022232,3,6,4,7
13.035561925113246,77.7008400903346,4,4,3,3
12.894224453959042,77.52468924232828,6,5,5,6
12.892916582610614,77.56768210568228,5,5,3,5
13.082757035413655,77.70570745994941,5,7,5,5
12.938923086632636,77.7011879577794,3,7,3,4
12.86909806682269,77.47808069444942,4,5,4,7
12.993080598295643,77.64658225813761,2,10,9,8
12.96505826748792,77.69540797213196,7,5,5,7
12.865169362668537,77.56560406370674,5,7,3,7
13.00022404656317,77.48940095381141,6,7,5,6
13.060252396318196,77.55652538036607,3,5,5,7
12.930110824577936,77.68582194669645,6,7,3,6
13.03542907089916,77.68504347988728,5,5,4,4
13.067623209671515,77.61390990924394,5,5,6,5
12.999885264879445,77.47508217084528,5,7,7,7
12.932896731993152,77.62527984070967,3,8,8,7
12.948031249838918,77.59031544172691,3,6,5,6
13.047978730369856,77.57594220008254,3,7,5,7
13.067324779259028,77.47900870230367,5,5,5,4
12.92841330596609,77.5414665155667,3,4,3,5
13.043084887183557,77.49196695608472,7,5,3,6
12.91990001027494,77.6430978752962,1,9,7,9
13.001731710669569,77.70070777193621,3,4,4,6
13.027833485321286,77.64664262405313,5,5,3,6
13.009556536915165,77.62733773379048,6,7,7,6
12.901678438177468,77.55193436448307,5,6,7,5
12.956145195207347,77.67843341874845,6,5,6,6
12.93275726430453,77.59688061774624,5,6,4,3
13.007212841149073,77.7073632222489,4,4,5,4
12.86145056175229,77.65877143848974,7,3,3,2
12.930307867721822,77.47885764774607,5,4,6,5
12.908760543004744,77.6658009840454,5,4,4,4
13.053719890930054,77.59160981493508,4,7,5,3
13.008850821845027,77.52886776077546,7,3,2,4
13.040912790135852,77.56172969247709,5,6,6,7
12.861574820549208,77.69544482046022,5,4,3,6
13.025998218452175,77.48639900596852,6,4,4,3
12.979357132027403,77.57542910985246,7,5,7,4
12.933531712475702,77.520224337256,7,7,6,3
12.85271086044473,77.66110843261711,9,1,2,3
12.992240046058143,77.69998067639735,6,5,5,4
12.876842210822057,77.5494819885121,6,7,4,7
12.957427230271154,77.61099060061802,1,10,10,7
12.979433934499284,77.56399768304478,6,5,4,5
12.857216428289355,77.54282068500778,5,6,3,4
12.880247348276487,77.7142439013662,3,6,4,4
13.055592409106607,77.60871330657776,6,4,4,7
12.92201987612587,77.47956714857618,5,7,5,7
13.021036531191138,77.65026257035646,7,7,3,3
12.879805934577607,77.54370629589836,6,6,6,5
13.084458421800127,77.65176583261614,6,6,6,6
13.018164942776904,77.64544961512037,4,7,4,7
12.971507818415958,77.62459932397827,1,10,8,10
12.979938402658865,77.63639999460068,3,9,9,8
12.929577559756982,77.69343764160239,4,7,5,6
12.97649194058796,77.7031178794398,7,4,6,5
12.914489732629905,77.66688790617786,3,7,4,7
13.007933750685673,77.67600746583119,3,4,7,5
12.949897784810831,77.7002878535684,6,6,5,6
13.063984470860154,77.53746632456229,7,6,7,5
12.900032534459687,77.53895736359452,4,5,4,7
12.915309539696153,77.65365151345623,4,5,5,6
13.003138081149093,77.50495026874837,5,5,7,5
13.02696801510455,77.6840433260313,4,6,5,5
12.917328627304995,77.53964198429794,7,4,6,4
12.921153075789665,77.58338033587367,5,7,7,5
12.90782528397484,77.57093368018036,4,5,7,3
12.891975867801348,77.5263858504436,5,4,4,3
12.97863073763496,77.56018100705879,4,5,5,6
12.940814240316467,77.49534906220332,6,5,7,7
13.05771253220748,77.55184215477252,7,5,7,3
13.06682285063696,77.48855998485308,7,5,4,5
12.982714097819306,77.52970520301007,7,7,7,7
13.071587319315784,77.48312882339694,3,5,4,4
13.060097157970915,77.63783059798956,6,6,5,4
13.026000205796207,77.70278325976956,7,4,3,7
12.925740174612177,77.65523737532367,3,7,5,6
13.04491144964485,77.50343312360796,7,1,1,3
13.079240447325306,77.55532542385926,7,6,7,6
13.00811272929192,77.47983574094933,4,4,6,3
13.09068662497992,77.71102701835073,7,4,3,7
12.866722037129215,77.55513558103239,5,5,4,6
12.90424053496909,77.58760570239698,5,7,6,4
13.084863498723925,77.56443585095641,3,7,6,5
12.922135660468852,77.57272448760729,6,4,3,6
12.908412440807702,77.66803533274347,7,6,5,7
12.862660606348031,77.52338251386186,6,7,4,4
12.89167795772466,77.6902682559418,5,7,7,7
12.98210318221726,77.63416042673744,2,8,10,8
12.940699156542557,77.55939717240466,4,6,7,5
12.979983190431499,77.62634692214492,2,9,8,10
12.978581855421432,77.4855755561293,5,4,3,6
13.082857877707529,77.60550247889005,6,7,7,7
12.921883569671408,77.66380262868827,3,4,3,3
13.090047418443996,77.59485735973732,5,5,3,7
12.861252841040105,77.6813875043873,5,5,5,4
13.088376938090235,77.5463022634263,5,7,3,7
13.017500957231924,77.65228598063982,4,7,4,6
12.89203655337341,77.71353667746635,3,4,7,5
12.968160890466851,77.67816018596835,7,4,4,4
13.02952107261248,77.50092207704074,7,2,3,2
12.992417584796536,77.59906366040472,3,10,8,8
13.072085380469757,77.67181055743198,4,7,4,7
12.963887272835253,77.7082430503006,5,7,3,3
12.887168392755576,77.55863049688365,7,4,6,7
12.956978972986818,77.49252951340455,5,6,6,5
12.998811229746655,77.61966730566189,10,2,3,3
12.877352090530774,77.67571297677917,5,4,5,6
12.869418887634726,77.58561884569171,5,4,7,3
13.086570921611361,77.54729663363827,3,5,6,6
13.033149108756213,77.71459736097063,5,5,4,5
13.00959142327916,77.54395366870041,5,6,4,3
12.916080072258271,77.54204135008742,5,6,5,3
12.944171389401866,77.59122077157063,7,7,7,6
13.023498340356795,77.68627466547893,4,7,3,6
13.028263378554188,77.51597634231169,8,4,1,4
12.90704363458558,77.56356912909592,6,7,5,5
13.06277502569182,77.69927842635552,5,4,6,7
13.027751507771185,77.62983969720858,6,6,4,5
13.043874376057666,77.57094203280363,3,4,7,4
12.990062827671467,77.49108680806458,5,6,6,6
12.94028474930947,77.61136681683787,2,8,10,9
12.920978288837984,77.52833401836143,3,7,4,5
12.866195774784229,77.6811789238533,5,5,4,6
12.908669601180785,77.54101074097687,3,6,7,6
12.856732936661466,77.5530316906327,5,7,7,6
13.019459665479804,77.59622686053939,6,6,5,3
12.949858428302274,77.56019596546264,3,5,5,3
13.003933290340667,77.59670108934607,9,1,3,1
12.973944986549451,77.4831797937943,5,4,7,5
12.936867591536844,77.71161779341303,5,4,5,3
12.888160713519452,77.71274156943971,7,5,3,7
12.908804500415037,77.69687879594298,5,5,7,3
12.976839649020711,77.68648457209717,5,5,7,3
12.908582856748703,77.62561724959448,3,10,10,8
13.0774231757777,77.61004379567473,6,7,3,3
12.911360609851707,77.49023752202434,6,5,4,4
12.97919626953454,77.5808775669507,7,7,3,6
13.073509756330608,77.57627952154651,5,6,7,7
12.885091308488988,77.59199954145527,4,7,7,5
12.910051922745934,77.51881337968702,7,5,6,7
13.045830560850748,77.56658227190678,4,7,4,7
13.084229341934087,77.59437673893858,4,6,5,4
12.980892571427022,77.61752223046274,3,10,8,10
12.87782738644956,77.53602093793499,3,4,7,6
12.878600537479702,77.5539734129198,4,4,4,6
12.910699790091627,77.64476528039494,1,9,8,10
12.87194376260641,77.51538599577874,5,4,6,4
12.975349089383583,77.711926516361,4,6,5,6
12.95740720333506,77.65121161294614,2,9,7,7
13.051474801388704,77.50074054286691,7,7,5,5
12.866252944066895,77.57567723892146,7,6,7,6
12.930154594949345,77.50693239115697,6,5,5,6
13.06067467875277,77.69599384608375,6,4,6,7
12.863092898496904,77.57464843578666,3,6,6,7
12.853438849217078,77.62659217175839,7,6,4,4
12.858576757763425,77.71314807588216,7,7,4,5
12.87224429312244,77.65985358214228,7,6,6,5
12.93435063324275,77.5029879939223,6,6,4,7
13.080797361031397,77.5778599656929,3,4,5,5
12.904435823281643,77.57808797427356,6,7,7,4
13.05278231409137,77.70233208723806,5,4,6,5
12.90097491328696,77.5369357027741,7,5,7,4
13.01662512762004,77.59941654474946,7,6,5,7
12.914932221278004,77.57648310942079,5,4,6,7
13.02650248825889,77.60105830303102,4,7,7,4
12.98453690713293,77.54088064005089,3,6,7,6
13.019379269839186,77.53264955921173,10,2,3,3
12.892260417519731,77.50950078195578,4,5,6,5
12.984164506235562,77.51145189380416,6,5,5,4
13.053602343461447,77.5269981947118,6,7,6,5
12.941891669492184,77.50378164192976,5,6,4,4
12.855022707086595,77.56655453287027,3,6,6,3
13.070971062398765,77.563770798441,4,6,3,6
12.930519182046243,77.58199763291823,3,4,7,7
12.925586790641216,77.57142078452587,7,5,4,4
13.079812027285804,77.49211639625516,4,5,5,4
13.036177626313107,77.61398637825388,7,5,4,4
13.009637230445124,77.60265168951557,10,3,1,3
13.066173540837541,77.68952414331127,3,5,6,6
12.893656169183382,77.68236600663914,7,7,6,5
12.853794997163622,77.64258425129998,8,2,2,1
12.881638111156532,77.53024602792937,5,4,6,5
12.961197456174746,77.64111802545158,2,10,8,8
12.951768342462852,77.50863234768919,3,7,4,4
12.854140040111297,77.57911874843474,6,6,6,3
12.944220092878032,77.669156395242,6,6,3,6
12.971009725753913,77.60549832644737,2,9,8,8
12.968623829221826,77.55878255185944,4,5,7,7
12.969512017254711,77.6947210557659,7,5,3,7
13.010932682370287,77.69336218372241,7,4,3,7
12.883369154078501,77.49333260338798,6,5,3,7
12.941482345405758,77.5657563655064,4,7,5,4
12.856669529435207,77.5200095753742,7,4,4,7
13.036657217957867,77.60000116048462,4,5,7,5
12.907521959677183,77.68022079437429,4,7,3,5
12.880961755715457,77.58086025010861,5,5,3,4
13.059859973166416,77.50042919999537,4,6,7,7
12.927245291103228,77.7145953196073,3,5,4,6
12.950828936891037,77.61657022503715,2,8,8,9
13.037369161044836,77.68046262912469,3,5,5,5
12.886880856440115,77.60105170993417,5,5,6,3
12.872610716014204,77.61350496881776,5,5,4,4
12.912835492946234,77.6231159271736,1,10,7,8
12.948466768424016,77.54322791545381,4,4,5,5
13.086068486651325,77.58304901447896,7,7,5,3
12.904905672667091,77.69209938548815,5,5,5,6
12.918380564508531,77.68414954285441,5,7,6,5
13.029539175818668,77.49495408533772,7,2,1,4
12.871427413390624,77.4918192825336,3,5,5,4
13.073707573659648,77.66428967702738,3,7,5,6
12.886995996889336,77.63690415356974,3,7,7,4
12.883225283875603,77.58142213091399,5,6,4,6
12.913616055460095,77.70921154945424,6,7,3,5
13.044667055456669,77.55419093127162,6,6,6,7
13.03777655365413,77.70341798733178,5,6,4,7
12.976012277664701,77.49207652124097,5,7,4,7
13.027075757533678,77.47588611341989,6,7,4,6
13.027575040072676,77.50341708217518,9,1,3,3
12.879818693274398,77.60026566048207,5,5,3,6
12.971482743501634,77.68906894433788,7,7,7,4
12.865534600064272,77.59491823658814,4,4,5,7
12.936625757102194,77.55629719320375,3,6,7,4
13.05639643885049,77.48877564546275,6,4,7,3
13.091376302778047,77.59708309677487,7,5,5,5
12.926384490194144,77.58635827850277,3,5,3,6
13.024785252754773,77.66875732948817,4,6,3,5
12.979505066923412,77.50615033998152,7,6,6,5
12.904859142730913,77.5198704112278,4,4,6,5
12.875025796867899,77.70868983641274,5,5,7,3
13.074381556431963,77.52092693534696,7,6,7,3
12.960190320963715,77.49090075704903,4,4,5,4
12.996140172075345,77.62211852942968,8,2,2,3
13.04539942054109,77.48668932690492,6,5,5,6
12.927546579757466,77.62481733143444,3,10,7,8
12.973162971980097,77.62390509679219,3,10,8,8
12.858551806418316,77.6823202818942,4,7,5,3
12.9869424995338,77.61615011133672,2,10,9,9
13.006741116573803,77.50618458340492,3,6,4,5
12.980140720885139,77.64015792001054,2,8,7,8
12.914106420514464,77.57588509675261,5,6,6,5
12.900464640935411,77.6102950005392,3,7,5,6
13.063984198532737,77.50048325341149,6,5,6,5
13.000721178866202,77.66763661592347,6,5,5,6
13.04242082902824,77.66890311020232,3,5,6,5
13.072511958874415,77.49010899164811,5,5,6,6
13.028804807110214,77.68911693668758,7,7,4,4
13.002654908541572,77.48562489076997,5,7,6,5
12.97621028610206,77.6819298324409,4,6,5,4
13.056747415896067,77.6562885159095,4,4,5,3
12.933571870629741,77.68397496192198,4,5,6,5
13.021528095454256,77.67648927349362,6,4,7,7
12.86378664830192,77.52558303045868,4,7,6,5
12.884548407181319,77.65442148242393,4,6,4,6
12.960720116163735,77.56637073044992,3,4,5,4
12.917851355686372,77.61412759849699,2,10,8,10
13.007116524042411,77.70464829963964,4,7,5,6
13.023415071613254,77.55691809230557,4,6,7,4
12.93671003846019,77.48508853147953,4,6,5,4
13.01121717085424,77.68194592473618,5,5,5,3
12.858338829601607,77.55466181067668,6,5,7,7
13.038115146436938,77.68344155674808,5,4,7,6
13.038201243961474,77.6692869776518,7,5,4,5
13.071350200493375,77.5829283936375,5,6,5,5
13.002951004095621,77.64880028968572,7,5,3,3
13.08381221257862,77.59422871459981,7,6,5,7
13.03938654295468,77.48783108572309,3,6,6,4
13.016845995041338,77.53027720285807,10,1,2,1
13.046030488602046,77.65061738626927,7,4,7,3
12.901711029194285,77.52325171740469,4,6,3,4
12.995229316065469,77.5839286133135,9,3,1,2
13.007822321646216,77.61520412426883,10,3,3,4
12.95783886842245,77.57101413478863,4,4,6,3
12.877809583490924,77.70164877348145,7,7,3,5
12.928915985086228,77.64691292432896,2,10,10,7
13.054411986771875,77.70911091768765,5,7,5,3
12.879607113654199,77.5631127788828,7,4,3,6
13.076332804247325,77.70957423714162,7,7,4,3
12.930915375092097,77.64379486474047,2,10,10,10
13.065567249066708,77.51223668419692,4,6,4,3
12.896335692642309,77.59032766855128,5,6,4,3
13.085534807206535,77.5214857758107,7,4,6,7
12.921671935023427,77.53763300960588,6,5,3,7
12.939153481410138,77.49823604039887,3,5,6,5
12.969837768405517,77.7044313372556,6,4,3,5
12.983445492186288,77.52421127233943,3,6,7,7
12.986913270325347,77.59936649550583,3,8,7,8
12.998320949066457,77.5270029530713,7,6,4,7
12.98435944464658,77.50180773119716,6,7,6,3
13.031932490549876,77.63588677372988,6,7,6,6
12.872565272023277,77.57730019237408,5,6,3,6
12.99780274259478,77.48635665762744,3,5,6,5
12.965070847095115,77.55324293373533,3,7,3,4
13.070269758551714,77.49681310791837,3,7,6,7
12.876963403355532,77.60593165219063,5,4,6,4
12.94727747455346,77.62411888984415,1,9,7,10
12.905970957439216,77.64282598820844,6,7,6,6
12.948781844874642,77.54924794635727,4,5,4,3
13.03742955049258,77.64631748525008,3,4,3,3
13.067385090699744,77.47683965711934,4,6,7,5
12.99952699187361,77.6542457390343,4,7,3,7
13.088313186775775,77.62728366066732,4,7,4,4
13.011016258787937,77.55624757311737,4,4,3,4
13.081713105347179,77.5559915307283,7,6,6,5
12.937958842976169,77.6252411238009,3,9,10,9
12.989150130593645,77.60168547148285,1,8,9,8
13.085305117577644,77.62436658096172,6,4,5,6
13.028742965270824,77.62056265845418,6,7,3,6
13.07416320762748,77.65728122028048,7,6,3,3
12.936814889721628,77.56199735201939,5,7,3,6
12.979247461874051,77.65827191259439,1,10,9,8
13.033701143485185,77.64779437684236,4,6,5,5
13.085137202374693,77.61490557589069,3,5,7,7
13.037881038827267,77.52405349745712,10,4,2,4
12.971186710823295,77.65561140092258,3,9,9,7
13.079512070001362,77.50333501513073,7,6,4,6
13.064134665791144,77.56546619676088,3,7,3,3
13.066450525205726,77.49782085765865,6,7,5,3
12.893820215734948,77.49037344154883,4,7,7,4
12.893850736713956,77.62397614211235,6,5,5,5
12.88638491667543,77.68108660215883,3,7,5,3
12.921134033710631,77.4865341449486,7,4,4,6
12.985510617791046,77.6425746344198,3,8,7,9
12.959019524584654,77.6436041403932,3,8,10,8
13.06917657168871,77.47852775518501,5,7,6,6
13.083196968473294,77.57137644747456,4,4,7,6
13.064704422382816,77.56008787630557,4,6,3,4
13.024479895327548,77.5397880282815,8,2,2,4
12.87050412182858,77.50817211591487,7,4,4,7
12.864590478474579,77.52747730742715,4,4,3,7
12.868021280856638,77.52176013612718,4,4,3,3
12.989234659729348,77.51629328701145,6,5,5,7
12.889860024068048,77.66296462622222,3,6,6,6
13.011089654816294,77.57760854389842,6,6,6,4
12.956992201544528,77.49902631002804,5,6,7,6
13.043023976633716,77.71356376114316,7,7,3,5
12.892842821999547,77.51900836090601,4,5,4,5
13.067152118144937,77.49945613240449,5,7,7,6
12.976011846701466,77.56033010898847,5,6,3,7
12.887109525292752,77.49346899247908,7,5,3,4
12.86984921266136,77.70659944835381,6,4,7,6
13.090111474695666,77.69378936428099,6,4,7,3
12.864266895014497,77.63676696336817,4,6,5,3
12.959871370273003,77.64487716311474,1,8,7,7
12.948346449477706,77.65935411462247,6,5,6,6
12.998083925228904,77.4948368901389,7,4,3,7
12.967895893774035,77.65063217044657,3,8,7,9
13.067918769135161,77.6022162915514,4,7,7,4
12.942734849682056,77.49589223326643,3,7,3,4
12.969685203261829,77.68387381493302,6,4,3,4
12.96966460831708,77.52019642801827,5,6,4,6
13.050454212132134,77.70026655423241,7,5,3,4
12.899158899128192,77.57183593904819,3,7,3,4
12.864071926892317,77.61628432981617,5,7,5,6
12.95009946976137,77.59411481281273,3,5,4,5
13.025660565701111,77.67444397539141,7,4,6,5
13.014009014770464,77.59448105539501,6,6,5,3
13.082773107716042,77.63593323995185,4,4,4,5
12.94297470144467,77.57312510255444,5,7,6,3
12.867865517533629,77.5896669647889,3,7,4,4
13.031960662158218,77.55720006318215,3,7,3,4
13.028561224395297,77.65881572323998,3,7,3,6
13.003014447125468,77.51672745892094,3,4,4,6
13.063231251869599,77.70308119300456,6,7,4,3
13.054777374424205,77.4913171062861,6,4,5,4
13.01404643147765,77.51872182971493,7,2,2,4
13.075013367870538,77.51959963424082,4,4,5,4
12.92370827390597,77.59110458926298,4,5,5,3
13.007891952993152,77.69376612321948,7,6,3,3
12.858043483028524,77.62470734482825,3,4,7,4
13.000070792859134,77.51941858666805,7,6,4,5
13.008991716263623,77.64728545834078,6,7,6,6
12.919188590120898,77.53216557604276,6,6,7,3
12.973612404200878,77.5311974618719,7,6,6,4
12.885248746999775,77.53323598746695,7,6,7,5
13.047646048229982,77.63465979583252,4,6,4,3
13.031121608876234,77.67088075056485,6,7,6,3
12.900932674738348,77.68046192765627,6,5,4,7
13.065855746018439,77.69609149481562,3,5,6,4
12.999146848458139,77.57257308271176,7,7,3,6
12.952246002077391,77.67287402983197,5,5,4,3
13.04101063288874,77.65337757038434,7,4,5,4
12.881956113788107,77.53908112514648,4,7,6,4
12.883949239655102,77.6247684325617,6,5,3,6
12.979093654490134,77.5904042286723,2,8,8,8
12.951765018308922,77.66388790835565,3,6,4,3
12.983533854396727,77.63741737319731,3,9,7,8
12.898071421224845,77.49186856842151,7,6,3,6
13.072675757193318,77.47607412036736,7,6,5,3
12.998361083006689,77.56379378443738,5,4,4,4
13.023566453447614,77.4866260292632,3,5,3,3
12.998694225679763,77.6555320536111,5,5,7,6
12.885480025800272,77.6570461624078,4,4,3,3
12.884413927092098,77.52555607003315,3,6,5,4
12.994410752110701,77.47694451074592,3,6,7,6
12.90440122879682,77.5121145431062,6,4,6,6
12.930631831255928,77.60504417090775,2,8,9,10
13.069109092845343,77.51318103306433,5,7,4,4
12.937926890526178,77.60580729912597,3,10,8,9
12.91399953914045,77.55453771225993,6,5,3,7
13.033054959601564,77.6038156963579,5,6,7,5
13.048062827225264,77.62010204534617,5,7,3,5
12.965008359848046,77.57525329674637,7,7,3,5
12.992544815724708,77.67709937555745,4,6,7,7
13.06173285557273,77.68584454595256,7,4,6,6
13.016769380385366,77.54706885403591,4,7,5,4
13.017211562107995,77.4782077550065,6,4,7,6
12.99978539782561,77.70294183421615,3,6,5,5
12.863935973037524,77.480852219519,7,4,3,7
12.862485236565025,77.64586711811333,8,1,2,1
13.000667003533053,77.68973232978749,3,6,3,7
12.985685155993902,77.67090388263064,4,4,7,7
12.94063065555096,77.68169263067253,5,5,5,7
13.037800268748175,77.65474662225029,5,5,5,7
12.86670855877965,77.60383353440162,7,7,5,3
12.861275108068737,77.50130551404331,5,7,5,6
13.07037080585984,77.64781563429035,4,5,3,3
13.075926885260849,77.57065902687505,5,4,4,7
13.05845767016023,77.66027934687493,4,6,5,7
12.878251161212726,77.68727566719946,3,6,3,7
13.06483800238084,77.6447454785217,7,6,5,3
13.06122254288381,77.58887791303866,6,7,4,4
12.942041428133336,77.6466623017144,2,10,10,9
13.036254331386498,77.62726980547015,5,5,5,3
12.990336122383445,77.50501280833052,3,4,3,6
13.016565666150981,77.48884312351842,4,4,6,3
13.049878345991676,77.66604273862349,5,4,4,4
12.952385611304965,77.58859369805461,7,7,4,7
13.086015878277749,77.57377843886407,7,4,7,7
12.925953008917967,77.60976120465396,2,9,7,10
13.021166195369714,77.55859363262336,5,7,7,3
13.079554199706259,77.53086532718977,5,6,5,4
12.926534045490028,77.50972162697302,7,7,6,7
12.989292625611517,77.6240188957353,1,8,9,7
12.889733777448487,77.58719379148933,7,7,3,5
13.065333824658538,77.51621401936775,5,5,7,3
12.868509021857571,77.5012698909644,7,5,4,7
13.065898727025633,77.55021871767764,5,7,4,4
12.866567933467513,77.68823015658731,5,5,6,3
12.929536610190137,77.59544482493772,3,5,6,5
12.964172864894014,77.57657873292953,4,7,4,7
12.987805988552761,77.66233739675805,7,4,6,4
13.080584974647543,77.5534774021794,4,6,4,5
12.99209629823489,77.69528056989438,3,4,4,7
12.902476721330197,77.59843200021993,7,6,4,7
13.077867616140898,77.6775731931645,4,6,7,6
12.911803791724575,77.6528123937596,7,6,7,6
12.905824893532536,77.55506783783242,5,5,5,6
13.04197739179005,77.50841341179249,9,2,3,1
13.022411398700752,77.61003957483028,3,4,3,3
12.935619337059425,77.64836601427916,3,10,10,10
12.910133731476249,77.5209181861554,7,4,3,7
12.971547130749633,77.5931804624229,1,8,10,8
12.970647953630827,77.54827974922827,7,4,5,5
12.938561245123603,77.47834989512636,3,7,6,4
13.067537934047133,77.6776670989661,6,7,7,6
13.087901897698538,77.48059228310673,5,5,3,7
12.865746620751084,77.699076091737,7,4,7,6
12.934238424185573,77.58527982506214,3,7,4,3
13.071907089230953,77.48674619423286,7,5,6,7
12.906504069839011,77.53497484667218,3,7,6,4
12.913120725942376,77.62926678644656,2,8,10,9
13.090732031877828,77.6154363450282,6,4,4,6
12.867291255770128,77.52505158587603,3,4,7,5
12.998307568900769,77.53205536923019,6,5,4,7
12.871392288645547,77.57107631876578,7,4,6,7
12.999878604073492,77.52676872849644,4,4,4,4
13.01433385768164,77.61188636788225,7,7,7,7
12.967648113442765,77.64624325166167,1,8,9,8
12.902437480895264,77.67844735043515,3,6,3,5
12.946472664264546,77.62010776706168,1,9,7,8
12.931883228210186,77.50334938372832,5,5,3,7
12.854111107758502,77.70528279558461,5,7,3,7
12.852508491784816,77.52636968094826,4,4,3,6
13.03946313294245,77.58355178702189,6,7,5,4
12.9939032319193,77.66667522914,4,5,6,5
13.077577509172844,77.62722775656745,6,5,3,4
12.976271062481086,77.48454125573829,6,5,7,3
12.893352004775151,77.66674974505864,6,6,6,4
13.00129662048942,77.59376677879642,8,1,1,1
13.076365991608606,77.59489914449048,3,5,7,3
12.90478930003569,77.62795879421573,2,9,10,10
12.879754506731432,77.53377330064957,3,5,3,4
13.08459271250335,77.70601509174377,6,5,6,5
12.92023217801775,77.58954085616122,6,7,4,3
13.051767752590779,77.65259313179098,7,4,4,7
12.90934369667372,77.68656430540241,5,7,5,5
12.923573756908915,77.5025325458405,3,4,6,5
12.863038701713002,77.68142822357078,6,5,3,6
13.035373868023107,77.58025135367113,7,5,6,5
13.003311829017049,77.5212556340377,5,7,4,7
13.075880752785382,77.71255500200269,6,5,6,4
12.955687611676682,77.70493991868489,4,5,3,6
12.9630456008954,77.64583571357119,2,9,9,8
12.854834464068215,77.63597857439727,5,5,4,3
13.070156652189702,77.58778051025051,7,4,6,3
12.944566728280792,77.49611886619765,7,6,3,4
12.875503172160407,77.6117436030895,7,6,4,3
12.983344796911142,77.51191426245454,5,5,4,3
12.915982740010044,77.59070058984447,7,6,6,5
12.870278990190542,77.5089073879496,3,4,6,7
12.927136413789563,77.69286687957225,3,5,6,3
12.854851990335098,77.63644016718493,3,6,3,5
12.864913010098693,77.580543895885,6,6,5,6
12.972176428966272,77.58903774656046,1,9,7,7
13.058107099551219,77.64577480133184,3,4,4,3
12.90132259239029,77.48528058969596,7,4,7,3
12.991353878508786,77.59581503575376,2,9,7,8
12.89349444728116,77.67048756854051,7,7,4,3
13.047374291246916,77.47767744867355,4,7,5,6
13.037404028433704,77.58831814768939,7,6,7,6
12.85813360040778,77.68395852423193,3,7,5,5
12.96519454200202,77.48197687467945,4,7,7,7
12.961688769704194,77.52581578847895,5,4,3,6
13.025023764856924,77.64378322418287,3,5,4,4
12.939229303946526,77.58652983830292,4,7,4,3
13.020624228284714,77.6765464870468,3,6,3,5
12.858537144505128,77.63457829864598,7,6,6,6
13.061760517244709,77.59812060144085,6,5,5,4
12.957835474654821,77.5893216608382,5,6,6,3
13.01017468071074,77.61484599510858,6,4,3,6
13.043375050756406,77.66826498487342,7,6,6,7
13.058434994350302,77.71137715096735,6,7,6,4
13.06627138688683,77.47929846969139,3,5,4,5
12.858025757352936,77.52306845133046,7,6,6,4
12.863305919933508,77.57240879281534,6,5,4,3
12.892481322091852,77.65854404998755,3,6,4,6
13.026283367813154,77.63858965614,3,6,4,6
12.962854014158001,77.55142183850724,4,7,3,4
12.951557744570975,77.67272854942958,7,5,3,7
12.91031793361124,77.68802361934861,6,7,4,7
13.089919325717908,77.52138598000018,6,5,5,5
13.08089047681501,77.63022798880745,4,5,7,7
12.893098406827326,77.63624970946604,7,4,5,6
13.046135949495051,77.5955619680901,3,6,4,4
13.04749297244315,77.47788359754614,3,5,6,5
12.89626057674769,77.6165485048389,7,4,6,3
12.89090716498178,77.5730491899457,3,4,5,5
12.879973082592134,77.56623148263856,3,7,4,7
12.92714167865697,77.58090174227318,7,4,4,5
13.025374839004877,77.65563572065105,7,7,6,5
12.905885320215914,77.47820403554422,3,7,7,6
13.070848482660697,77.49241089326851,3,5,5,5
12.945051597310808,77.50377275624065,3,4,4,4
13.076418590556019,77.71379823038694,4,7,7,5
12.939726688325823,77.65386745277438,5,5,7,5
12.941936619965174,77.48737541381031,7,7,5,7
12.861687018502677,77.67448080799002,9,2,3,4
13.00172922885884,77.47689345934471,5,6,4,3
12.943242938066886,77.58654489999653,7,6,7,7
12.994224019040582,77.5059776064101,3,5,7,6
12.870421949395794,77.6459647178649,4,6,3,6
12.852020170371919,77.70900380982319,6,6,3,4
12.899187677878949,77.70000549444879,4,4,4,4
12.925735732381733,77.60438963560293,3,10,7,9
12.937888594808776,77.58214636461634,3,5,4,4
13.068424290531283,77.51373445255858,5,4,4,7
13.047408892186107,77.61469525651476,5,5,3,7
13.045367806849702,77.51523060567341,10,3,3,4
12.856128907467944,77.56115844342222,4,7,6,4
12.974373633392306,77.69062435182659,7,6,6,5
12.880323102365006,77.67795134122939,7,6,5,5
13.06203788323002,77.48596563773782,6,4,7,5
12.86775849277652,77.48893700259032,4,4,4,6
13.05252709112851,77.50138420205406,5,5,5,3
13.044132637041631,77.66425433706227,4,5,5,7
12.953070563957413,77.62343339418126,3,10,10,8
12.945245803131481,77.62237082166392,2,10,10,8
12.937390267557662,77.50048968014315,4,7,3,5
13.018447071618176,77.68607661848912,3,5,3,6
12.913237029075585,77.5227879375992,6,7,3,3
13.067867937279662,77.63071631362692,3,7,4,4
12.974868705271446,77.70762836241784,4,6,7,5
13.012107965244649,77.71132072059848,6,7,3,4
12.892869737073596,77.49114379302723,3,7,3,7
12.860563218898424,77.49095479061087,5,5,6,5
12.915461997538724,77.59756580860355,7,5,5,5
13.06791022246276,77.64108557922458,5,7,3,4
12.914168328262024,77.49421782005338,4,5,6,6
13.013756794263205,77.65378527841686,6,4,3,6
12.886629461512412,77.70314831669867,7,6,4,3
13.062441959585001,77.5507182504894,4,4,5,7
13.046286227153706,77.53476877036621,10,2,1,2
13.054568969873523,77.60742624436497,7,7,7,6
12.90943156748469,77.57009719604743,5,5,6,3
12.991335857774626,77.52255149373586,4,4,5,4
12.867630977958164,77.60048082920824,6,7,6,7
13.08549559050386,77.551697199657,3,4,6,6
12.897378208606144,77.51740294937333,5,4,6,6
13.066415374937336,77.53287684448901,6,6,6,6
12.997401694641281,77.60975415072691,2,9,8,7
13.074358565646849,77.66332966578707,5,5,7,6
12.894979476681794,77.58096381445208,7,6,5,6
12.970369232961385,77.47516796347219,6,4,3,5
13.028324113826015,77.61302366282573,4,5,4,5
12.860311594173412,77.68940844964334,5,5,6,3
12.969835390923672,77.67617870566531,3,5,6,7
12.88809334930401,77.67109581521629,4,6,7,4
12.883932688092122,77.55026138634526,5,7,3,6
13.020922425675854,77.55290610652597,6,5,3,6
12.933773933495258,77.51513691680782,7,4,4,7
13.083586206886567,77.58407296517788,7,5,3,4
13.064987495492058,77.51864267495144,7,4,6,4
12.97841881032869,77.68696510723632,6,7,7,5
13.02441134277586,77.5566071396558,6,7,4,6
13.032243457968745,77.69736316359486,5,5,6,3
12.896769137904286,77.51017558164743,5,7,4,7
13.03644316144501,77.5645012930582,5,4,7,6
12.885745343515664,77.49660127190054,6,4,6,6
12.95053744361781,77.66583876754189,3,7,3,3
12.975051093238426,77.50004204726886,4,6,4,5
12.893826077619194,77.61055886781008,7,4,3,3
12.969771331107005,77.59027540179957,2,10,7,9
12.871115230216573,77.61921592814646,3,4,7,5
12.895756570865089,77.52531502880845,7,6,3,7
13.041097628155487,77.51876116029244,9,4,1,1
12.928653966907985,77.68889060674067,6,7,5,7
12.96549984903777,77.63582051612094,2,9,7,7
12.9519948435431,77.58717572011618,5,6,7,6
12.989040748571933,77.57353960992762,6,4,5,6
12.89610315058137,77.49731227224248,3,4,3,7
12.868183763696118,77.64870472735407,4,4,4,6
12.964020838055387,77.71208003416874,7,7,5,3
12.973025393195348,77.65416806422148,1,8,8,7
12.936984327827057,77.47773234833817,6,7,3,6
13.053159273120471,77.6807250479564,4,5,6,4
13.042904836000343,77.56285489514545,6,5,5,5
13.090530734639145,77.70813214565918,4,4,4,3
12.870872826069144,77.57496320709745,4,5,5,3
12.970174434217515,77.54382279732019,4,7,7,4
12.94646717236741,77.50117556103417,7,5,7,3
13.009832151165508,77.49346577329197,3,5,4,7
12.993011723823185,77.58609542294784,7,1,3,2
12.962908723122652,77.65199553183606,2,8,10,8
12.979571021738879,77.50754044292665,6,6,5,3
12.86492819866162,77.67936309774377,6,7,5,7
12.952605464056319,77.70054111027241,7,5,5,7
13.075119004753828,77.61828476728395,6,6,7,7
13.067967367488603,77.50610747814022,3,7,3,4
12.953625054822151,77.71048837784299,3,7,6,3
12.873051340104212,77.65252888975998,3,5,6,4
12.933724182045959,77.53384372354104,5,5,4,3
13.004816981335297,77.66654404844427,5,7,5,5
12.989788635667677,77.52056368471501,6,5,5,5
13.069246301294102,77.56970503715297,6,4,4,7
12.88383915763415,77.50120425717226,3,7,5,3
13.030644436317633,77.49360194143932,3,7,3,7
12.889882568394405,77.52415365146635,4,7,3,3
12.896179929444248,77.63842099598048,5,6,5,3
12.92012326222579,77.48076491697434,5,6,5,6
13.005620490459702,77.70789966288223,3,7,5,6
13.066474056490193,77.65352647137148,4,5,3,6
12.952197083548809,77.62844217246565,2,9,9,8
13.073796286738725,77.51727876779574,3,4,6,6
12.870817043245582,77.49753198349539,4,6,6,5
13.034231844796368,77.69560349790844,3,4,7,7
12.896594374684746,77.5868098214977,3,5,7,3
13.087793684766185,77.51528660589337,3,6,7,3
13.045787538626877,77.60771764657817,3,6,4,7
13.010508219648916,77.49558451073754,7,5,4,4
13.002525650431451,77.56624285166531,5,4,5,7
12.936669330657725,77.61576255812362,1,10,9,9
12.894119160083399,77.51503063603725,3,7,5,3
13.008810447089585,77.53144475536163,10,2,1,3
13.061950523162515,77.55677782718686,5,7,6,3
13.057345788420738,77.58044219626302,5,4,3,7
13.042013439372585,77.62027093831722,6,5,4,4
12.97820161710441,77.71199120123434,3,6,7,5
13.012384804650809,77.71080454370981,6,6,7,3
12.897049734718658,77.60879898558332,7,5,3,6
12.978174833469714,77.59491003854164,3,9,10,9
12.984611839115985,77.68702555278514,6,5,3,7
12.894654098380801,77.49635185359938,7,4,7,4
13.075498958565944,77.47867778462671,7,7,6,4
12.950982187635045,77.55429540501635,6,5,6,5
12.896659628322707,77.67944061368517,4,4,7,3
12.980087464502144,77.69744159724301,3,4,6,4
12.9809681565524,77.69285409513644,3,4,5,6
13.018359045712685,77.54331278914837,6,5,4,5
12.966459294016484,77.57065010607515,5,7,3,4
12.897910654884921,77.64351914840162,5,5,7,5
12.904803074520295,77.50058641676895,6,7,4,3
12.873865172099489,77.48529667505571,6,5,6,6
12.994385488453565,77.70279508181511,6,5,7,3
12.904540007701016,77.68818959654551,7,7,7,6
13.05407556939232,77.64087541851407,3,6,3,6
13.069004167398527,77.49011180904493,7,7,3,4
13.031142661351062,77.54038627919132,9,3,2,4
12.970464855049686,77.55141035754068,7,7,3,4
12.945886575453327,77.47676825784187,5,6,7,4
13.02702601145822,77.54256960395814,8,3,1,1
12.934968918301145,77.50053115037359,5,4,4,3
12.954932917754922,77.63460482986892,2,8,9,9
12.868875522715667,77.66655339401026,9,1,3,1
12.877007163349901,77.61854621986784,5,4,3,6
12.953734378728102,77.61748813716683,1,10,7,7
13.074787527138582,77.60977958213404,3,4,6,5
12.867596485068397,77.50857824576109,5,7,3,6
13.088402027070194,77.52477292548546,6,4,4,3
12.860512895777616,77.56557413942679,6,7,4,5
13.049176075733927,77.61438875652831,7,4,4,6
12.877168102227593,77.70990859686293,6,4,5,5
13.001428955395493,77.53973771701031,4,6,4,4
12.867617222755651,77.58825862138,7,5,7,7
12.963400730237723,77.68953957054163,3,7,3,5
13.054995414394709,77.66252708218539,6,4,5,5
12.971386603072554,77.69099915555944,5,7,6,4
13.01136827526095,77.51786036615222,7,3,2,3
13.016510210655854,77.53850696119204,8,3,1,2
12.863681208592496,77.67769090060968,3,7,3,3
12.86408700637301,77.63475431485699,6,7,7,3
12.94580711131059,77.55631793071286,6,5,6,7
12.916835878867335,77.66807831510462,4,6,3,4
13.09148303052627,77.70731941001756,5,6,5,6
12.936269022130395,77.59588273530815,5,4,3,5
13.051757665372673,77.62337067085726,6,5,4,3
12.941577187963706,77.48467098535119,5,5,3,5
12.85706553105146,77.4771098902277,7,6,5,5
13.037861528578187,77.58111471855744,4,5,3,4
12.899135406061449,77.62693368541164,3,4,6,3
13.01187510685189,77.7106488097502,5,7,6,6
13.047224739796032,77.57206310382983,5,7,4,7
12.921141948556656,77.70163830416747,4,7,4,4
12.87597707924014,77.67170966337481,4,5,3,3
13.029758986962099,77.5022033963683,10,4,2,4
12.992292930236092,77.53102359698994,4,6,5,7
13.016537700213306,77.63546265964476,3,7,5,7
12.881296604122864,77.64786740517353,4,5,7,6
13.058346347856482,77.70837090229196,4,5,6,3
12.99391238653654,77.54300807071118,6,4,7,3
12.943290316865895,77.66959699842056,5,4,3,5
12.995175814538387,77.5039034937219,4,7,3,4
13.045113044690542,77.5346910500399,8,4,3,4
12.854412190265148,77.4912086010529,6,6,5,4
12.991024555377898,77.67455465849059,5,6,3,6
13.05941803115487,77.5752431805116,5,7,7,6
13.043541138115799,77.65953993048356,5,5,4,5
13.070321181539313,77.60475501076186,6,6,3,5
12.964284452236479,77.69677175365851,5,4,5,5
12.855244113129134,77.58778621805892,5,7,6,3
12.947791245282923,77.69975504195159,7,7,7,6
13.063737445415939,77.55519912965615,7,4,5,3
13.002728335623283,77.66171880619972,4,4,4,5
12.892175488690194,77.55357307940415,7,7,4,5
12.967667038580425,77.54864033929277,6,5,7,3
12.871789122231565,77.57696922640817,4,7,3,4
12.930624909434613,77.59385061488497,6,4,6,5
13.017695072593273,77.51438790044706,10,2,2,1
13.060230285730132,77.53353063353359,5,5,3,4
13.013240792548247,77.58256148016463,3,5,6,3
13.080890080731002,77.52197478562789,3,5,4,5
12.958761771532458,77.63203024117594,1,8,9,8
12.99551163190399,77.58381882262465,10,1,1,2
12.909568286820555,77.69299443174177,7,5,7,3
12.87753972683472,77.67345504127913,6,4,3,6
13.053680283140485,77.49689206963657,5,6,4,7
12.887865282462183,77.59645610355456,7,6,4,5
12.937432962945326,77.70420982318291,7,7,3,6
13.03776139615653,77.48485867565265,4,4,4,6
13.072393399442985,77.49774312583887,5,7,6,7
13.014292057867715,77.55268804686982,6,4,3,5
13.064252919747895,77.57735780251672,3,6,7,5
12.959543603898958,77.49572348091775,3,7,4,5
12.917795686788818,77.65646472997418,5,5,3,5
12.983502912172437,77.56456357855392,3,5,7,7
12.925974895718351,77.65144114312024,1,10,9,8
13.001503444984019,77.59594772406851,7,2,2,3
13.015192818577724,77.5642331388539,4,6,4,6
13.061867031047818,77.51680927590382,4,6,3,4
12.934572101489172,77.58001580480644,3,6,6,6
12.947801489718032,77.62714035562766,2,10,7,8
12.89163857032566,77.59316783981954,5,4,7,5
12.931762431522829,77.66818848587303,5,5,6,4
12.93707970585183,77.67082345598696,6,4,4,7
12.86319654102665,77.61888727541303,3,6,7,6
13.067543026704792,77.66534576663763,4,4,6,5
13.078024094565047,77.52693804075433,4,6,7,3
12.886806156409984,77.64979454312143,3,4,4,4
12.8611176691452,77.51489351270884,3,7,6,3
12.878342869460456,77.47717428127602,3,4,5,6
12.90314567311706,77.6435062548279,4,5,5,7
13.037386629831323,77.61131022924032,6,5,3,6
12.923245733985437,77.56727384740455,4,4,3,5
13.029445642708131,77.51332184701589,10,4,2,1
13.025675413236298,77.59628541625894,7,4,7,7
13.084688092257373,77.65539422255645,7,4,6,4
13.08826441173018,77.53502523027022,4,4,3,5
12.996752667368563,77.59640172245317,8,3,3,3
12.91501913017318,77.65506269114552,6,6,5,3
12.927695702277244,77.56567025570956,4,4,5,5
13.02881025037903,77.61801777257102,3,7,7,6
13.085462997307728,77.48813328381938,3,6,5,6
12.88613012383404,77.63518473908614,7,6,7,3
13.060513058177706,77.64956547651134,7,5,4,3
12.90539339386426,77.5073279090273,5,4,5,7
12.911856687089353,77.68982135022074,7,7,3,5
13.011715023583735,77.53088086661131,8,1,2,3
13.068350323761113,77.53370219348054,5,4,5,7
12.904639360991698,77.67440193484525,5,7,3,6
13.04752613730388,77.47845927091635,7,6,5,4
13.019202638755194,77.56707656733023,5,5,4,7
13.086038060465812,77.63996851227007,7,5,4,7
12.94044308893436,77.64472007917873,2,10,8,9
12.959606920415002,77.5920771463869,1,9,7,10
12.893495755879588,77.66263621169921,3,4,7,5
12.966663370030558,77.63637169644332,2,8,10,9
13.039775327351247,77.5352913990103,8,4,2,4
13.00040649399122,77.55267103072059,5,7,6,3
12.919587942410224,77.62760628114958,3,8,7,9
12.943771078161365,77.51945098839863,5,7,6,4
13.004305033388594,77.4948118694747,5,5,3,3
12.895658288123213,77.65286553846751,7,5,4,3
12.874670633377624,77.69343053326878,7,5,7,6
12.985772893705384,77.55962557828298,3,5,6,5
12.972697217358489,77.60665736355688,3,9,9,8
12.872934751775228,77.6458604782181,4,6,3,6
13.052019726774512,77.65013756922028,5,6,7,7
13.012498330979385,77.64308028613932,6,6,7,5
12.885072512338748,77.59185286188038,7,7,7,3
13.079326125799682,77.49485682580665,3,5,7,4
12.876665282122127,77.55357448413676,6,7,5,6
12.939743072186808,77.48323322538724,4,7,4,5
12.871362084848748,77.52759769365055,3,7,7,5
12.925223383920988,77.48178733947356,5,7,5,3
13.001863900616625,77.66882476903443,6,7,6,3
12.970061009551273,77.55825356445648,7,5,3,4
12.957791646374504,77.59950209538695,3,10,7,10
13.018863280510397,77.66628740295296,6,6,5,7
13.066031794201084,77.65066205293296,4,4,5,3
12.866782985654384,77.70075732813463,5,7,4,4
12.97156499063677,77.48600726964096,3,5,4,5
12.894055022773985,77.5969336276354,6,4,7,3
13.057663521339126,77.53329379987369,5,6,5,5
13.040146384258556,77.60540057611797,5,5,3,3
12.872095676278533,77.63349652110102,5,7,4,6
13.091136575072056,77.63830494179992,6,7,5,5
13.08577169916568,77.70845384697105,4,5,4,4
13.05038776244881,77.52672508086778,9,2,3,4
13.024239571832702,77.58535403602818,7,7,5,4
13.051477795326763,77.58836605502549,6,4,6,6
12.929529120317577,77.49120670807754,4,6,6,3
12.968601498475024,77.49522081492152,7,6,7,5
12.941731213791478,77.51922890889934,4,6,7,5
12.918534773634518,77.55737756487893,5,5,5,7
12.936193115105912,77.58443494148403,6,6,4,3
12.908364084943862,77.64747401193311,3,6,6,6
12.879557124293887,77.68353984472786,4,4,5,3
